{ "type": "FeatureCollection", "features": [{"type":"Feature","geometry":{"type":"MultiPolygon","coordinates":[[[[-74.0007829520964,40.69428651616727],[-74.00095868350955,40.69406908358225],[-74.00301393697016,40.69477784447921],[-74.00263556758104,40.69536203703763],[-74.00239802583796,40.69571165536709],[-74.00026872245725,40.69496580308058],[-74.0007010467911,40.69438785684488],[-74.0007829520964,40.69428651616727]]],[[[-73.99837760531686,40.69806329614609],[-73.99887117053628,40.69715757704459],[-74.00104903057519,40.697908235692296],[-74.00048768562517,40.69875777813714],[-73.99837760531686,40.69806329614609]]],[[[-73.99799957452076,40.69879768554429],[-73.99802102681083,40.69876173657381],[-74.00001840433615,40.699466048073695],[-73.99947463838915,40.700322777515815],[-73.99749898221943,40.699638869321255],[-73.99799957452076,40.69879768554429]]],[[[-73.99628992097371,40.70142517603711],[-73.99649828913475,40.7011449085306],[-73.9966173606358,40.70098500803135],[-73.99669768931422,40.7008769769171],[-73.9968218908586,40.7009907828279],[-73.99752763273975,40.7012288164562],[-73.99776011033609,40.701359414876734],[-73.99780162786301,40.70131939476631],[-73.99813879899439,40.701518788248464],[-73.9961922722873,40.70337714136674],[-73.99588611884147,40.70326007758761],[-73.99513826774651,40.702974114722885],[-73.9952601511738,40.70281020953881],[-73.99538448316606,40.70264301006584],[-73.99621639402828,40.70152407416971],[-73.99628992097371,40.70142517603711]]],[[[-73.99504592704292,40.703131839799624],[-73.99544564312066,40.70327530597439],[-73.99529346700928,40.70355406589805],[-73.99498203246775,40.70338171553522],[-73.99480038186812,40.70329195864458],[-73.99502134495074,40.7031478692467],[-73.99504592704292,40.703131839799624]]],[[[-73.99476934125522,40.703952894953574],[-73.99488239836394,40.70378802583744],[-73.99491043069504,40.70379731646137],[-73.99492964609256,40.70377131508385],[-73.99502925916445,40.7038082003655],[-73.99488204726403,40.70400865389524],[-73.99483637435264,40.70398633908102],[-73.99476934125522,40.703952894953574]]],[[[-74.01232543587778,40.718872453411585],[-74.01268806087677,40.717298095557894],[-74.01273066873856,40.71711362919991],[-74.01292127720527,40.71639821694025],[-74.01302496599003,40.71595213609893],[-74.0131023668765,40.715619146665546],[-74.01321811586261,40.71520821640222],[-74.01325534323834,40.71506455461149],[-74.01343897464177,40.714430419466424],[-74.01372415026891,40.71367830965928],[-74.01308465729002,40.71340719618793],[-74.01254692332137,40.71316685721848],[-74.01178724048937,40.712830748092905],[-74.01167912848746,40.71278054809777],[-74.0101216746997,40.71208469638955],[-74.00883879468182,40.71150395934206],[-74.00860085337284,40.711392239709056],[-74.00834760912973,40.71135854555404],[-74.00796787713409,40.711447333123324],[-74.00802884728114,40.71145298908574],[-74.00808885374148,40.71146296383372],[-74.00814737027842,40.711477168977645],[-74.00820388204622,40.71149548055657],[-74.00821614494366,40.71152210995644],[-74.00822235329919,40.711549928663786],[-74.00822233056839,40.71157814564445],[-74.0082160773899,40.71160595853859],[-74.00820377156768,40.71163257647539],[-74.00818576301603,40.711657242562495],[-74.00816256381053,40.71167925540809],[-74.00813483362738,40.711697989066316],[-74.00810822863254,40.71171095665909],[-74.00807945606867,40.711720889214654],[-74.00802202015306,40.71173066072032],[-74.00796358944791,40.71173602195384],[-74.00790474731294,40.71173691938985],[-74.00784608121563,40.711733344068556],[-74.00779552969216,40.71170918410776],[-74.00774137329152,40.711690075346574],[-74.00768447917585,40.711676323757175],[-74.00762575822894,40.711668148952384],[-74.00756615071404,40.71166568241363],[-74.00750661107317,40.71166896363545],[-74.00701799899997,40.71178395332104],[-74.00614933482676,40.711989341493705],[-74.00608184383692,40.71200541225677],[-74.00606917434341,40.712008429416244],[-74.00574044602706,40.712088758041624],[-74.0055893286606,40.71217005375566],[-74.0054304787379,40.71220369625226],[-74.00527561892594,40.71224944049539],[-74.00512712486658,40.71230677376268],[-74.00498716590467,40.71237485717683],[-74.00485768021677,40.712452541117024],[-74.00470652283596,40.712574015170375],[-74.00429113759452,40.71290782569597],[-74.00434187787606,40.71281961046174],[-74.00441150286781,40.71269773328895],[-74.00448924609401,40.712546722816086],[-74.00450047202712,40.71240478029437],[-74.00446352403671,40.71227213454596],[-74.00441668908871,40.712193873278025],[-74.0042290696244,40.712025489744036],[-74.00400706295,40.71185141554089],[-74.003971259322,40.711822370618066],[-74.00393685559267,40.7117986548371],[-74.00373096653595,40.71165672948077],[-74.00353093932492,40.71149236902942],[-74.00346130750701,40.711434433609234],[-74.0032739590037,40.71128436974867],[-74.00322562612766,40.71124526327602],[-74.00271374252866,40.71082827564041],[-74.0026183364388,40.710752509237935],[-74.00166895147812,40.710006025026715],[-74.00150172244726,40.70987612921958],[-74.00141934562184,40.709814795772],[-74.00122411917074,40.709657019213935],[-74.00047449159945,40.70905149926968],[-74.00020611874565,40.708834715372966],[-74.0001354711054,40.70877907254069],[-74.0000648350309,40.70872343133992],[-73.99995834364678,40.70863954804224],[-73.99986942608703,40.70856951479824],[-73.99975899410502,40.70848382201771],[-73.99949511700498,40.708279072270855],[-73.99937681738193,40.70817992532213],[-73.99933449947375,40.70814376118536],[-73.9992963135218,40.70811056798322],[-73.9992236326119,40.70805305212358],[-73.99913434786868,40.707982396945994],[-73.9991945110885,40.70794737685413],[-73.99925945470767,40.707914021310444],[-73.9993263267542,40.707879676494],[-73.99938225177354,40.70784154982417],[-73.99942129138607,40.70781893755796],[-73.99946033075176,40.707796325948564],[-73.99952324941056,40.707762628658166],[-73.99951211364748,40.70774870660914],[-73.99949062474623,40.70772184472249],[-73.99953839659445,40.70769347002568],[-73.99955121325492,40.70769435277653],[-73.99957149447751,40.70771719818591],[-73.99960948039234,40.70775997317637],[-73.9998829701917,40.70762408653791],[-73.99994855949784,40.70759149637105],[-73.99994505655117,40.70758262748596],[-73.99994855952315,40.7075586910512],[-73.99995671262306,40.7075311988559],[-73.99997222648798,40.707506398822055],[-73.99999645016015,40.707491647898586],[-74.00013868859138,40.70740505440758],[-74.00023380459713,40.70734714298946],[-74.0004002783203,40.70726027957073],[-74.00055247932049,40.70718427542046],[-74.00077175219104,40.707080148703405],[-74.00084973367682,40.70704311813399],[-74.00088259097619,40.707025253300536],[-74.0011868526283,40.706859825269206],[-74.001131305772,40.706799050182006],[-74.00122367538816,40.70674526164783],[-74.0012321369196,40.70674033592584],[-74.00122701299958,40.70673486990655],[-74.0011603902257,40.70666372083434],[-74.00117521610984,40.70664874526921],[-74.00116913341543,40.70663949766778],[-74.0011764356768,40.70663505779028],[-74.0011760207968,40.706627574359054],[-74.00098276691729,40.706416713495585],[-74.00140533024054,40.70618013470532],[-74.00140666691954,40.706179388020665],[-74.00140581495842,40.70617861288316],[-74.0005924020935,40.70541007840838],[-74.00084523503796,40.70525451884628],[-74.0014543741884,40.704873302929556],[-74.00205517727979,40.70541134986926],[-74.00206142563806,40.705417004635656],[-74.00206282084552,40.7054160768454],[-74.00212278686418,40.70537900267255],[-74.0021581834855,40.7053571191186],[-74.00256965059467,40.705523579523536],[-74.00268512702752,40.705449248118754],[-74.00236285245705,40.705158966692665],[-74.00241573476919,40.70512931128255],[-74.00238385458346,40.705101270753445],[-74.00197070397945,40.704737867482116],[-74.001970148378,40.704731159704934],[-74.00203201379027,40.70469295373016],[-74.00217184941894,40.70460659646371],[-74.00218562331561,40.704607018873965],[-74.00233344621164,40.704748135307035],[-74.00233393075763,40.70474260639902],[-74.00242059318661,40.7046803341012],[-74.00243071075859,40.70467785800443],[-74.00248839829254,40.704726772853874],[-74.00248790148636,40.70473376008654],[-74.0023983274895,40.70479492564346],[-74.00238670740679,40.704795663674524],[-74.00332307270787,40.705628595220126],[-74.00358262337757,40.705461128831224],[-74.00363187103285,40.70542980675184],[-74.00364446183868,40.70542168463886],[-74.00383327532255,40.70530324352901],[-74.00366217837693,40.70514975923662],[-74.00358390952105,40.70519264864545],[-74.00355259950756,40.70516644083427],[-74.00363086901315,40.7051235514465],[-74.00262896407828,40.70422295278151],[-74.00286689781494,40.70407522551165],[-74.0040566643926,40.70514736343896],[-74.00434050782802,40.704962729809154],[-74.00458622886424,40.70479945067935],[-74.00484062824778,40.70463977952655],[-74.00492037826473,40.7045910049734],[-74.00518805067315,40.70442053518809],[-74.00521160900396,40.7044055322354],[-74.00526035829182,40.70437448891276],[-74.0053502722475,40.70431007996161],[-74.00566330640653,40.7041042439757],[-74.00589129888928,40.70395985394459],[-74.00602048555055,40.70387490010194],[-74.00614106753558,40.703980973938044],[-74.00634215560272,40.70384982210488],[-74.00643259271948,40.70379118944911],[-74.00659591913875,40.703685902451895],[-74.006320807539,40.703466761028956],[-74.00631484519418,40.70346132409447],[-74.00630030777441,40.70344823498835],[-74.0059114573594,40.70309811143046],[-74.00589941745793,40.703087270192],[-74.0058874726644,40.70307651572645],[-74.00555843304458,40.702781256387354],[-74.0054838408244,40.70271432213407],[-74.00552682615235,40.70268528761715],[-74.00550531272066,40.70266684658563],[-74.00547130795233,40.70268982858098],[-74.0054359976336,40.70265955591401],[-74.00542728826248,40.70266543619408],[-74.00530412596079,40.70255986563309],[-74.00549427805096,40.702431380950465],[-74.00550166067454,40.702430867294474],[-74.00561361797627,40.70253024203236],[-74.00560163196417,40.702538060272545],[-74.00560905264523,40.70255281905632],[-74.00559479485825,40.702568019826934],[-74.00559935100472,40.70258016783934],[-74.00559022977765,40.70258581428396],[-74.00559194611431,40.70259883592118],[-74.00558509547798,40.70260405020241],[-74.00558909594902,40.702612730596925],[-74.00553546138167,40.70264552060429],[-74.0055577199881,40.7026643946521],[-74.00567522249844,40.70258407169505],[-74.00598430339488,40.702860018041136],[-74.00608976093835,40.702951120491235],[-74.00623870508527,40.7030797893016],[-74.00636372730409,40.703187792252585],[-74.00646028831747,40.703271207531515],[-74.00649425191104,40.70330054817181],[-74.00654880812654,40.70336761558854],[-74.00655720878513,40.70336314883591],[-74.00675541584032,40.70354148947685],[-74.00678502191037,40.70356812690019],[-74.00699466002457,40.703441188566636],[-74.00722046663674,40.70330197730332],[-74.007519052838,40.703121820237165],[-74.00752714979265,40.70311498141621],[-74.00760498113469,40.70299314065335],[-74.00764555161295,40.70292817427641],[-74.00769798694172,40.70284927854683],[-74.00795594887987,40.70269252944202],[-74.00836148391224,40.702444539016454],[-74.00911037361753,40.701983871013674],[-74.00914202195366,40.701972848900176],[-74.00929072600606,40.701930071822005],[-74.00869964313567,40.701139867542295],[-74.00775549084597,40.7015480016719],[-74.00759136204209,40.70132808054555],[-74.00853611510775,40.700919695745114],[-74.00834927559107,40.70066934889086],[-74.00862036163858,40.700552163210766],[-74.00958483017598,40.70183738506073],[-74.01105603841502,40.70145418141212],[-74.0111808830355,40.70145139275635],[-74.01110775373036,40.70127576447372],[-74.01128983905515,40.70124998174173],[-74.0112097577877,40.70104458327378],[-74.01112868539609,40.70106489745048],[-74.01107837974551,40.70095712031513],[-74.01106708568963,40.700914940894876],[-74.01110886351545,40.70090142010379],[-74.01109386310779,40.70086641087365],[-74.01109337389363,40.700851256073065],[-74.01107872437127,40.70085194903646],[-74.01105584312833,40.700811531272905],[-74.01105943295765,40.70080262099252],[-74.01103748928746,40.70075713124815],[-74.01101538388583,40.700741124799094],[-74.01102945843236,40.7007311704912],[-74.01101999687316,40.700712395448406],[-74.01100668082333,40.70071138770604],[-74.01099272755786,40.700690593047085],[-74.0110085466105,40.700683557234385],[-74.01100361903022,40.70066806679781],[-74.01099134410603,40.700673351779464],[-74.01096997178931,40.70064553659224],[-74.01098841707373,40.70063424450262],[-74.01095827294422,40.70057459210267],[-74.01093617683645,40.70057584194709],[-74.01092482717036,40.70056679353901],[-74.01092557334937,40.700555831993924],[-74.0109471284868,40.70053774303584],[-74.01091918086527,40.70048646359451],[-74.01090496934047,40.70049178426659],[-74.01088462665342,40.70046142740958],[-74.01090366423283,40.70045138100988],[-74.01078537980491,40.700232514470784],[-74.01079959311001,40.70020721300704],[-74.01081530667376,40.70020044460384],[-74.01085157384667,40.700238511084976],[-74.01093093205073,40.70041515233445],[-74.0110036442996,40.70058110944154],[-74.01104377249553,40.70068284572224],[-74.0110742747596,40.700748336890996],[-74.01110436404358,40.700810649931974],[-74.01113362222915,40.70086787440553],[-74.01115033556847,40.70089840060355],[-74.01135836291346,40.70085195813382],[-74.0113031892117,40.700647844538985],[-74.01129816432244,40.70059888402679],[-74.01130986410935,40.70057980068856],[-74.01133409410411,40.70056835317971],[-74.01136082201396,40.70056581099938],[-74.01138171875648,40.7005702576205],[-74.01139508123386,40.70059060767379],[-74.01143269912255,40.70067454161891],[-74.01146947437395,40.700748928258065],[-74.01150291143712,40.70081505897427],[-74.01172926817485,40.700770118562325],[-74.01170009248334,40.70072153863592],[-74.011682753977,40.700693345062085],[-74.01166539833076,40.70063756109286],[-74.01163149614052,40.70055539224999],[-74.01161019835872,40.70049300642149],[-74.0116141352107,40.700472618462676],[-74.01163147918658,40.70045821875076],[-74.01167798034295,40.70046181520752],[-74.01170321011992,40.70048100238686],[-74.0117260583568,40.70047860442194],[-74.01175129264944,40.70053078808893],[-74.01177730827723,40.70057097387238],[-74.01182619233424,40.70066634278205],[-74.01183407601519,40.700686134476165],[-74.01184827026103,40.70072992530337],[-74.01185378549584,40.70073892145019],[-74.01199159781116,40.70070483046127],[-74.01208668148655,40.70068130873932],[-74.01208509377958,40.70066451530649],[-74.01206932171665,40.70059973334414],[-74.01203856797002,40.70052895630978],[-74.0119767064249,40.70037842429924],[-74.01190488098494,40.700226930002046],[-74.01185672556994,40.70010710340846],[-74.01193096316563,40.700051209654355],[-74.01196196116912,40.70003754559553],[-74.01204027930206,40.7000480916456],[-74.01208842091677,40.70008658368952],[-74.01212759440098,40.70014308650683],[-74.0121577915851,40.70021137814561],[-74.01217247960996,40.700233115597754],[-74.0122369454993,40.70032127734173],[-74.01225490284908,40.70036473484409],[-74.01231855974231,40.700488286587564],[-74.01236222440265,40.70057583046467],[-74.0123916003227,40.70062052759151],[-74.01259392327508,40.70057083347246],[-74.01259064684231,40.70051185101069],[-74.01255471870938,40.700359730657844],[-74.01252899955233,40.70025232035703],[-74.0125159349815,40.70018464848029],[-74.01251511280124,40.700150492110836],[-74.01254202780166,40.70013497414833],[-74.01261382087355,40.700108265308536],[-74.0126480885808,40.700115087780475],[-74.01268072728449,40.700146755381525],[-74.01273499158552,40.70021877219842],[-74.01279619139237,40.70030009938206],[-74.01283454933395,40.70035287423197],[-74.01286637756563,40.7004075133718],[-74.01288188403369,40.7004416593836],[-74.01290474249367,40.70049691216286],[-74.01290881793956,40.700523611693534],[-74.01300205335545,40.700516027962934],[-74.01310747847366,40.70050745218072],[-74.01311155389506,40.70047205304465],[-74.01311153191469,40.700360291105795],[-74.01309395831629,40.70022369323995],[-74.01307843485947,40.70010324258428],[-74.0130249570558,40.69988283070871],[-74.0130118926586,40.69981825663127],[-74.01302085702754,40.69979341886542],[-74.0130437009244,40.69977478523854],[-74.0131130382629,40.699774164880154],[-74.01314078965092,40.69980333792555],[-74.01315384897731,40.699844940485455],[-74.01316691626799,40.69993124433765],[-74.01317753563323,40.70001754746256],[-74.01318571684631,40.70010323034391],[-74.01320084197302,40.700239827473595],[-74.01320736787193,40.70027521651887],[-74.01322288016895,40.700333586085456],[-74.0132734948308,40.70049687022784],[-74.01348560832749,40.70047822341101],[-74.01348068493712,40.700357771571014],[-74.01348311536108,40.70026338811636],[-74.01350349660866,40.700176459528315],[-74.01353285018092,40.700108160920685],[-74.01358669315087,40.70007959034505],[-74.0136102976469,40.70008429858985],[-74.01367479248763,40.700125821953556],[-74.01366274837828,40.700136656532884],[-74.01364265098664,40.70016178331211],[-74.01361182137084,40.700245174650796],[-74.01357048980596,40.700232203039015],[-74.01356130777825,40.700295122158444],[-74.013533101176,40.700297124748445],[-74.01353047708436,40.70031110084923],[-74.01356131082451,40.70031009758537],[-74.01356033990201,40.70036653394009],[-74.01352950823123,40.700373524124245],[-74.01353147387977,40.7003820161838],[-74.01356297023551,40.7003800132066],[-74.01355970482906,40.70043893493016],[-74.01352361756746,40.700441938080964],[-74.01352295830851,40.700460415407115],[-74.01358069886756,40.70045691449318],[-74.01358541666427,40.70050191275645],[-74.01355283097442,40.70050335766726],[-74.01357712756541,40.70064368197875],[-74.01351039592653,40.7006503711521],[-74.01355826959482,40.70093987083056],[-74.01395152602434,40.70099098296279],[-74.014339208975,40.701132681104454],[-74.01370775408019,40.70107027893058],[-74.01372314309033,40.7011330224067],[-74.01374768188298,40.701200357378916],[-74.01381405436403,40.70130626667211],[-74.0139791258922,40.7015310716128],[-74.01401128818107,40.701976124330685],[-74.01400917744868,40.7019873434386],[-74.0140050428122,40.701998231383826],[-74.01399896416874,40.70200857776665],[-74.01399105898179,40.702018182652346],[-74.0139820839381,40.70202961127592],[-74.0139669789764,40.70204420302254],[-74.01394918273373,40.70205691654521],[-74.01392909349924,40.70206746730766],[-74.01390716088105,40.70207561917767],[-74.01388387574386,40.70208118971125],[-74.01387197417974,40.702081775645055],[-74.01386034857215,40.70208380140875],[-74.01384929769056,40.7020872149416],[-74.01383910553433,40.70209192851865],[-74.01383003403416,40.70209782100427],[-74.0138223163213,40.70210474096624],[-74.01381615073574,40.702112510566565],[-74.01381169572892,40.70212093013219],[-74.01380906579196,40.70212978328636],[-74.01380832851315,40.702138842509484],[-74.01380950284084,40.70214787498582],[-74.01381943931491,40.70223669218959],[-74.01383440917506,40.7024057015408],[-74.01420580413141,40.702737197634164],[-74.0142624932251,40.702799001666925],[-74.01431188417205,40.702864332636956],[-74.0143536006008,40.702932692734606],[-74.01438732489046,40.70300356117506],[-74.0144127997529,40.703076397862176],[-74.01442983104556,40.70315064778906],[-74.01439176746143,40.703598783213906],[-74.01425523881004,40.70442547234231],[-74.01425342527078,40.7044575651665],[-74.01425861241319,40.704489444176026],[-74.0142706576719,40.70452023021389],[-74.01428922860929,40.704549075855255],[-74.01437031146699,40.704558037844855],[-74.01449750884306,40.70460129428678],[-74.01462770232278,40.70463903696269],[-74.01476047964222,40.70467114565478],[-74.0148954201934,40.70469751935809],[-74.01497135117036,40.704712976785494],[-74.0151697002939,40.70475865774878],[-74.01527764266731,40.70478061147402],[-74.01539758528025,40.70480014976229],[-74.01565756552223,40.70483308805324],[-74.01586269099582,40.70483319281673],[-74.01620631508617,40.70480459664908],[-74.01629634968471,40.70480001614245],[-74.01637519607705,40.70483848543414],[-74.01652040359087,40.70479971850539],[-74.01662761095643,40.70479943133964],[-74.01662845409635,40.70474390568697],[-74.01663729183826,40.704633411715],[-74.01669982043855,40.704633192413624],[-74.01677034130769,40.704632192410244],[-74.01684600635767,40.704634886589666],[-74.01713123827543,40.70428253640617],[-74.01757035573978,40.7041838809867],[-74.01779454388212,40.70423489759906],[-74.01785585605876,40.704078847113244],[-74.01775054854795,40.70405488339635],[-74.01779139237412,40.703950913086366],[-74.01781758609901,40.70393792299934],[-74.01783782693887,40.70396266613878],[-74.01780821658902,40.70403196447977],[-74.01791229282183,40.70405449715109],[-74.0179426927589,40.70397317707902],[-74.01795473916604,40.70397578661392],[-74.01784441018671,40.704242039938066],[-74.01844704604943,40.70416235496205],[-74.01865886498037,40.704428779290154],[-74.0175164637148,40.70458062465253],[-74.01748090483295,40.70466726085787],[-74.01753170409474,40.704670872388306],[-74.01754796186569,40.70466365937513],[-74.0175581267377,40.70466572192693],[-74.01757031461892,40.70466262450058],[-74.0175736990255,40.70466778415502],[-74.01756693013894,40.70467138584916],[-74.01759808539704,40.70468427263893],[-74.01763433061075,40.70467870736849],[-74.01767570940243,40.704680679349856],[-74.01768670225864,40.70467379162552],[-74.01771837938914,40.70467969895415],[-74.01773325394237,40.70467133337349],[-74.01774941603895,40.70467526793777],[-74.01776556881737,40.7046723149578],[-74.01776687049343,40.70466493066299],[-74.01778367349166,40.704670837588154],[-74.01779789585471,40.70466690269027],[-74.0178063090112,40.704661985472534],[-74.01782893315087,40.7046649299456],[-74.01783992611843,40.704660995040065],[-74.01790198846362,40.70465164811154],[-74.01791039104712,40.70465903257363],[-74.01794142815919,40.704655584052084],[-74.0179440193728,40.70464820843317],[-74.01796922420488,40.704647217598755],[-74.01797892738357,40.70464082408532],[-74.01798926941159,40.704646731822],[-74.01799832152902,40.704649685418254],[-74.01800802337449,40.704638365599365],[-74.01802418707251,40.70464575034644],[-74.01804292991577,40.704628037612956],[-74.0180539241077,40.70462950543715],[-74.01806509374255,40.704635825991616],[-74.01811302905885,40.70455360233377],[-74.01886288979365,40.70471960666828],[-74.01888747947991,40.70472914280427],[-74.01892572382424,40.70477376307287],[-74.01934155704542,40.70607053820405],[-74.01934254624453,40.70609367202458],[-74.01922242283976,40.70657308822355],[-74.01912275963426,40.706975814840035],[-74.01910255488421,40.70700043764156],[-74.01909155084711,40.707004473184526],[-74.01906617140139,40.707013770621536],[-74.0190333801972,40.707013191378664],[-74.01895359463364,40.70699676946557],[-74.01894579101288,40.70701777094154],[-74.01893740557169,40.70703420739933],[-74.01892660443798,40.70704425778587],[-74.01890921570684,40.707064342953906],[-74.01888462028889,40.7070858055368],[-74.01885943006913,40.707100415683755],[-74.01882943775048,40.70711548714268],[-74.0187964487074,40.70712781984772],[-74.01876105767884,40.70713786702765],[-74.01872626987445,40.707143356188965],[-74.01868966870477,40.707142443754],[-74.0186554807562,40.70714153912515],[-74.01863058372699,40.707139715269314],[-74.0185807840372,40.70712374810285],[-74.0185471847535,40.707107770766825],[-74.0185711739943,40.707079922388665],[-74.01860717601127,40.70709544097524],[-74.01863417023108,40.707103199311334],[-74.01864437101187,40.70710547636309],[-74.0186479626219,40.70708173752746],[-74.01868695379919,40.70708400923758],[-74.01872115249093,40.70708172564732],[-74.0187505462297,40.70707989330993],[-74.01876193971357,40.70707578486189],[-74.01874993323987,40.70704976248953],[-74.01877393087639,40.7070442827876],[-74.0187943275787,40.70703241066723],[-74.01882011914348,40.70701597288304],[-74.01883870432934,40.70699496965161],[-74.01884829724443,40.70698309091281],[-74.01884889814522,40.706970312852825],[-74.01881110035015,40.70696621177415],[-74.01879851485624,40.70698218837629],[-74.01877571598476,40.70699725864649],[-74.01874212416371,40.707007763378826],[-74.0187229298169,40.70700685699784],[-74.01869473124732,40.707010968172625],[-74.01867853372204,40.707018733002485],[-74.01864794474119,40.70701781957848],[-74.0186281448807,40.70701097896755],[-74.01861254432923,40.706997285146045],[-74.01860474411275,40.70698906417727],[-74.01860294181317,40.706974917978144],[-74.01859153053327,40.70695939441584],[-74.01857952850986,40.70694981480901],[-74.01857172609179,40.70693839842653],[-74.01856933191763,40.706920595708375],[-74.01856452356972,40.70690644010932],[-74.01854892759592,40.706908271181746],[-74.01853513269678,40.70691832251668],[-74.0185303375209,40.70695073291306],[-74.01840649088639,40.70725787266109],[-74.01821726389736,40.707742205466545],[-74.01821699384473,40.70775130976835],[-74.01819029259627,40.707821625607366],[-74.01865557049634,40.70792394838072],[-74.01864689079085,40.70794681354698],[-74.0188006306842,40.70798062163749],[-74.0188319588389,40.70799916628665],[-74.01883395951496,40.70800221964274],[-74.0188534776039,40.708022012786635],[-74.01885500911968,40.70804753444749],[-74.01874689830457,40.7084805802537],[-74.01863142402928,40.7089411005569],[-74.01846882134527,40.70958957100875],[-74.01834136543721,40.71010647593857],[-74.01826409180683,40.71040899662686],[-74.01814480361753,40.71088864968645],[-74.01811057789187,40.71102962871708],[-74.01804609621526,40.711344501487204],[-74.01797853231488,40.71175631920814],[-74.01792224257028,40.712039242700804],[-74.01787333422654,40.71231514445643],[-74.01777014254499,40.71283457478921],[-74.01775292705896,40.71284832755599],[-74.01773183836696,40.712849312346684],[-74.01772021563546,40.71284473093369],[-74.01772148946101,40.71278414410792],[-74.01780037888389,40.712345124158574],[-74.01662424425272,40.7121573184928],[-74.01654463812528,40.71245603793103],[-74.01659227582778,40.7125481710769],[-74.01661817655314,40.71264976356912],[-74.01661840078312,40.71275615053227],[-74.0165914952051,40.712861563719905],[-74.0165554889345,40.7129290955044],[-74.0165411217172,40.71295556431681],[-74.01647724204145,40.713029493073975],[-74.01639169485816,40.71309999795075],[-74.01632006627594,40.71340798298091],[-74.01654114686636,40.71344105324503],[-74.01691068695462,40.713496328010294],[-74.01757952508993,40.71359549038369],[-74.01765509447189,40.7131610626671],[-74.01767041664046,40.713069207965155],[-74.01767270848863,40.71306599625941],[-74.01767565433325,40.713063109786255],[-74.01767917622426,40.713060624924836],[-74.0176831809687,40.71305860742709],[-74.01768756259686,40.71305711067813],[-74.0176922051664,40.71305617428337],[-74.01769698583009,40.713055823020945],[-74.01770177808669,40.71305606618539],[-74.01770610823169,40.713056814174806],[-74.0177102419948,40.71305804781955],[-74.01771408588291,40.71305973921828],[-74.01771755295941,40.71306185011701],[-74.01772056480971,40.71306433277363],[-74.01772305331492,40.713067131038265],[-74.01772496219296,40.713070181622804],[-74.01770687258343,40.71316928296869],[-74.01761833310027,40.713654323935536],[-74.01753721790728,40.714097542247856],[-74.01740871360468,40.7148067994029],[-74.0173828138782,40.71494143381254],[-74.01738223187851,40.714944461279366],[-74.0173257095844,40.715254913254896],[-74.01726421509508,40.71559268186743],[-74.01712122293608,40.716371792574634],[-74.01698274294627,40.71713064366819],[-74.01686297377272,40.717786954287845],[-74.01671018605823,40.71862417605803],[-74.01669419095941,40.71864884335444],[-74.01665946969614,40.718666021224685],[-74.01662996338204,40.71866536895284],[-74.01594695204268,40.718575548906294],[-74.0159438298421,40.718589255044236],[-74.0156688366684,40.71855448826062],[-74.01567062060734,40.71853774773111],[-74.01555087754507,40.71852193318386],[-74.01500060682395,40.71844923555244],[-74.01499619731605,40.71847300081414],[-74.01498981339549,40.7185073468251],[-74.01498333230722,40.71852379143301],[-74.01497036258006,40.718535851366916],[-74.01494515549345,40.71854353557977],[-74.01470270021812,40.71851615488421],[-74.01321322719193,40.71831571989584],[-74.01306805492312,40.71892219382557],[-74.013072377692,40.71893861867012],[-74.0130306812643,40.71913145581914],[-74.01270167874436,40.719091775326845],[-74.01255468765247,40.71906986302604],[-74.01244109146732,40.719057672703556],[-74.01229165885206,40.719038949203764],[-74.01232543587778,40.718872453411585]]]]},"properties":{"shape_area":"19226758.9064","ntaname":"Financial District-Battery Park City","cdtaname":"MN01 Financial District-Tribeca (CD 1 Equivalent)","shape_leng":"44672.4863141","boroname":"Manhattan","ntatype":"0","nta2020":"MN0101","borocode":"1","countyfips":"061","ntaabbrev":"FiDi","cdta2020":"MN01"}},{"type":"Feature","geometry":{"type":"MultiPolygon","coordinates":[[[[-73.99931241612073,40.717550241777424],[-73.99944838180335,40.717329797098365],[-73.999930976899,40.71654391427054],[-74.00013820907833,40.716199730562344],[-74.0005783915007,40.71557090342685],[-74.00078955054066,40.71529096840146],[-74.00052734788574,40.71517005936533],[-74.00045462977894,40.71436504759891],[-74.00074652283325,40.71451035373845],[-74.00096840382477,40.71390559611455],[-74.00156635547326,40.713683063999405],[-74.00125701936294,40.71349677866762],[-74.00093174200283,40.713263253045334],[-74.00089640187132,40.713047414613264],[-74.00089354259464,40.71302995078785],[-74.00089166198869,40.71299925835606],[-74.00087276307242,40.71169696831566],[-74.00086402815117,40.71161954970939],[-74.0008488935974,40.71154270446904],[-74.00082741969965,40.71146673859651],[-74.00079969198939,40.71139195459098],[-74.0007658208999,40.71131865024436],[-74.00072594131632,40.71124711768051],[-74.00068021208688,40.71117764151816],[-74.00062881532277,40.71111049841064],[-74.00057195570146,40.71104595572014],[-74.0005098596514,40.71098427045342],[-74.00065774519857,40.710800770841864],[-74.00079637659104,40.710618287151576],[-74.00090633549209,40.71047783135636],[-74.00100325442946,40.71035403076885],[-74.00113646625368,40.71017596472795],[-74.0012347649664,40.710055333035655],[-74.00128258532506,40.70999405347292],[-74.00141934562184,40.70981479577196],[-74.00150172244732,40.709876129219545],[-74.00166895147817,40.71000602502667],[-74.00261833643886,40.710752509237906],[-74.0027137425287,40.71082827564041],[-74.00322562612766,40.71124526327598],[-74.00327395900375,40.71128436974861],[-74.00346130750707,40.711434433609234],[-74.00353093932497,40.71149236902942],[-74.00373096653595,40.71165672948077],[-74.00393685559267,40.71179865483707],[-74.003971259322,40.711822370618066],[-74.00400706295,40.71185141554089],[-74.00422906962444,40.71202548974399],[-74.00441668908871,40.71219387327799],[-74.00446352403677,40.71227213454596],[-74.00450047202717,40.71240478029437],[-74.00448924609401,40.712546722816086],[-74.00441150286781,40.71269773328895],[-74.00434187787612,40.71281961046171],[-74.00429113759458,40.71290782569597],[-74.00470652283596,40.71257401517033],[-74.00485768021683,40.71245254111699],[-74.00498716590474,40.71237485717683],[-74.00512712486658,40.71230677376263],[-74.00527561892599,40.71224944049539],[-74.00543047873796,40.71220369625226],[-74.00558932866066,40.71217005375563],[-74.0057404460271,40.71208875804158],[-74.00606917434345,40.712008429416194],[-74.00608184383692,40.712005412256744],[-74.00614933482676,40.71198934149366],[-74.00701799899997,40.71178395332104],[-74.00750661107321,40.71166896363545],[-74.00756615071404,40.71166568241362],[-74.007625758229,40.71166814895235],[-74.0076844791759,40.711676323757175],[-74.00774137329154,40.71169007534659],[-74.00779552969222,40.711709184107725],[-74.00784608121567,40.711733344068556],[-74.00790474731294,40.71173691938985],[-74.0079635894479,40.71173602195383],[-74.00802202015305,40.71173066072027],[-74.00807945606873,40.71172088921462],[-74.00810822863255,40.711710956659054],[-74.00813483362738,40.711697989066266],[-74.00816256381057,40.71167925540809],[-74.00818576301603,40.711657242562424],[-74.00820377156766,40.71163257647539],[-74.00821607738993,40.71160595853856],[-74.00822233056846,40.711578145644445],[-74.00822235329923,40.71154992866372],[-74.00821614494373,40.71152210995644],[-74.00820388204622,40.71149548055657],[-74.00814737027844,40.711477168977645],[-74.00808885374148,40.71146296383368],[-74.00802884728114,40.71145298908573],[-74.00796787713409,40.711447333123324],[-74.00834760912973,40.71135854555404],[-74.00860085337284,40.711392239709056],[-74.00883879468182,40.71150395934206],[-74.01012167469975,40.71208469638955],[-74.01167912848746,40.71278054809777],[-74.01178724048937,40.71283074809286],[-74.01254692332137,40.71316685721848],[-74.01308465729007,40.7134071961879],[-74.01372415026891,40.71367830965928],[-74.01343897464182,40.71443041946638],[-74.0132553432384,40.71506455461149],[-74.01321811586261,40.71520821640222],[-74.0131023668765,40.71561914666551],[-74.01302496599003,40.71595213609889],[-74.01292127720532,40.71639821694025],[-74.0127306687386,40.71711362919987],[-74.01268806087677,40.717298095557894],[-74.01232543587778,40.718872453411585],[-74.01229165885212,40.71903894920373],[-74.0124410914674,40.71905767270349],[-74.01255468765247,40.71906986302604],[-74.01270167874436,40.719091775326845],[-74.01303068126435,40.71913145581914],[-74.01301172799539,40.71921896911627],[-74.012955242427,40.71948945339727],[-74.0129574956781,40.719500164305664],[-74.01290892764018,40.71973485170647],[-74.01345505633182,40.71980170742623],[-74.0134137651288,40.720019482516804],[-74.01399452219557,40.72008564946658],[-74.01399999964454,40.72006718416406],[-74.0142646199906,40.72009514658361],[-74.01426696671713,40.72008680714371],[-74.0155736409659,40.72024329396225],[-74.01557364347136,40.72025401601208],[-74.01571378469986,40.720270674765665],[-74.0157130096578,40.72030343574192],[-74.01637848291469,40.72037660832833],[-74.0163057327678,40.72072702003823],[-74.014497202469,40.72051372126326],[-74.01351919132372,40.72039518655818],[-74.01299980679079,40.72033309075008],[-74.01289730270861,40.72086804547327],[-74.0156947190724,40.72120642537797],[-74.01562245781948,40.72154345367376],[-74.0131606660723,40.72125396319469],[-74.01311663311986,40.72147373402817],[-74.01325380075872,40.72148992000123],[-74.01326193939072,40.721471811430526],[-74.01363523640485,40.72151656063183],[-74.01361558335005,40.72158618255945],[-74.0135612803113,40.72158061434767],[-74.01356109093356,40.721571893764065],[-74.01325565118505,40.72154385603674],[-74.01325799654838,40.721527773029344],[-74.0131123731524,40.721509920295695],[-74.0131037691495,40.721554595973785],[-74.01253875807262,40.72150317657639],[-74.01249171031532,40.72177975782747],[-74.01237071715393,40.72238758057897],[-74.01223080840147,40.72305625707269],[-74.01209463829603,40.72370705298372],[-74.01196432049132,40.72432986474237],[-74.0115912254892,40.72429760426044],[-74.0114393288481,40.724284468772936],[-74.01135428262167,40.72427718324577],[-74.01123470847256,40.724265632952104],[-74.0111492636328,40.7246881720788],[-74.01112250872238,40.724820481219446],[-74.01105619480037,40.72514841088298],[-74.01094272973226,40.725662242469],[-74.01093934422869,40.725684621338914],[-74.0109227719211,40.72579415134836],[-74.01081238106582,40.72578980255595],[-74.01005338503623,40.7252444518749],[-74.00973152280115,40.724990371531405],[-74.0093176035701,40.72470155189168],[-74.00864380478329,40.72422131745533],[-74.0085709091372,40.72416935528241],[-74.00830216198719,40.72397780901863],[-74.00807835135338,40.723826863266474],[-74.0079120591084,40.723699767267625],[-74.007629040206,40.72349770357554],[-74.00629841644647,40.72254950366802],[-74.00591289789004,40.72225294916498],[-74.0053098599786,40.721824191813134],[-74.005227160865,40.721744103565534],[-74.0046351609051,40.72135363324079],[-74.00392928293418,40.72085443506042],[-74.0035118635122,40.72055635239187],[-74.00325954961072,40.72037709575839],[-74.0026000175572,40.71990342582796],[-74.00188406177368,40.71939757079044],[-74.00140055550511,40.719052620701504],[-74.00127273274153,40.71896142644599],[-74.00053195433159,40.71843023951666],[-73.9999562073255,40.7180170950872],[-73.99931241612073,40.717550241777424]]]]},"properties":{"shape_area":"13578197.7714","ntaname":"Tribeca-Civic Center","cdtaname":"MN01 Financial District-Tribeca (CD 1 Equivalent)","shape_leng":"21219.504238","boroname":"Manhattan","ntatype":"0","nta2020":"MN0102","borocode":"1","countyfips":"061","ntaabbrev":"TriBeCa","cdta2020":"MN01"}},{"type":"Feature","geometry":{"type":"MultiPolygon","coordinates":[[[[-74.01092841113977,40.68449147254312],[-74.01193259845039,40.68388774915512],[-74.01217596614644,40.684095186131096],[-74.00878590130925,40.686146602801536],[-74.00869559889541,40.68619331801273],[-74.00859803329713,40.68625256408502],[-74.00835446532169,40.68640019974814],[-74.00816414527883,40.686174717161556],[-74.00842516085913,40.6860155329478],[-74.00851294125297,40.68596254908641],[-74.00860072348797,40.68590956465493],[-74.01092841113977,40.68449147254312]]],[[[-74.00500373227042,40.687605985400964],[-74.00562986242365,40.68678420604372],[-74.00783293766679,40.68738505516279],[-74.00742012154092,40.68820629043594],[-74.00500373227042,40.687605985400964]]],[[[-74.00382038787677,40.68892964469942],[-74.00459270367709,40.68821522298673],[-74.00678438439806,40.6888268799583],[-74.00636461225267,40.68966966913959],[-74.00382038787677,40.68892964469942]]],[[[-74.0053420962491,40.69109160297792],[-74.0029756532651,40.69042657592079],[-74.00340921492469,40.689613261160176],[-74.0057590067034,40.69023639951369],[-74.0053420962491,40.69109160297792]]],[[[-74.04387761573912,40.6901876758741],[-74.04350596012536,40.68968735963638],[-74.04273533827015,40.69005019192311],[-74.04278433247953,40.690120976691674],[-74.04270428360734,40.69015520464458],[-74.04255371949304,40.68996275979259],[-74.04263929239139,40.689928176413915],[-74.04269380753186,40.68999725961011],[-74.04346752244265,40.689636990606324],[-74.04351637157855,40.68919103424531],[-74.04364078539413,40.68876656007314],[-74.04397458468152,40.68858240705627],[-74.0443852164526,40.68851617890586],[-74.04478399040363,40.688595660115965],[-74.04627538871647,40.68932742639987],[-74.04680284832578,40.689953256768945],[-74.04747651462338,40.68961136999836],[-74.04772962631084,40.68991531947176],[-74.04758571858791,40.689982507329034],[-74.0474312599149,40.68980389097406],[-74.04689205434565,40.69005909832293],[-74.04720029300219,40.690424815624056],[-74.04711050566554,40.69047041285071],[-74.04711581910307,40.69065580611878],[-74.04718321346031,40.69074735504944],[-74.04719492381682,40.69076326384879],[-74.04721324452596,40.690790487405486],[-74.04722568325005,40.69081957261263],[-74.04723192739723,40.690849788561586],[-74.04723182004399,40.69088037592721],[-74.04722536387943,40.690910566049546],[-74.04721272113869,40.69093960025047],[-74.0471942095265,40.690966748899136],[-74.04717029423433,40.69099132974798],[-74.04714090975122,40.6910105171634],[-74.04710813967078,40.6910262090931],[-74.04707269565444,40.69103806475733],[-74.04703534743479,40.69104582668808],[-74.046996906099,40.691049326320304],[-74.04617166933394,40.6910979814869],[-74.04614707120624,40.691122646033556],[-74.04607719103755,40.69111833280856],[-74.04600843028886,40.691107915403606],[-74.04599418307525,40.691104956197734],[-74.04592592692204,40.69108260404615],[-74.04586027361421,40.69105611708629],[-74.04460616394883,40.69057348495123],[-74.04387761573912,40.6901876758741]]],[[[-74.0019931771272,40.69232868290945],[-74.00179839760033,40.69227001601023],[-74.00181122011674,40.69223801288117],[-74.00200882715211,40.69229770899793],[-74.00205202172337,40.69220669210355],[-74.00216095439973,40.692238141370005],[-74.00206329791222,40.692444000837334],[-74.00195060812472,40.69241207509502],[-74.0019931771272,40.69232868290945]]],[[[-74.0019693846005,40.691843209322705],[-74.00132562245747,40.69146310033214],[-74.00069905775847,40.69061185841912],[-74.00479415294552,40.69176162037447],[-74.00440941259978,40.692528800891935],[-74.0019693846005,40.691843209322705]]],[[[-74.01674756096051,40.693343367715094],[-74.01540359141647,40.6930664973092],[-74.01535466323958,40.69322485391989],[-74.0154091666596,40.6932386736757],[-74.01538919768244,40.69329813466554],[-74.01517482202624,40.693256680335516],[-74.01518934209325,40.69319860304046],[-74.01525474322258,40.693206891183934],[-74.01530915985035,40.693047042891635],[-74.01525950969612,40.69303681423203],[-74.01512637564142,40.693177431515984],[-74.01516538149545,40.69319728859744],[-74.01512878294322,40.69324379583443],[-74.01504789796928,40.69319974589804],[-74.01494315033477,40.69314102193089],[-74.01498417914011,40.69310651717803],[-74.01503973872518,40.69313829925834],[-74.01515612159491,40.69301551489167],[-74.01422123084885,40.69282290533892],[-74.01347809785598,40.69213847009177],[-74.01347183710853,40.692131853023675],[-74.01346424246007,40.69212610168625],[-74.0134555172519,40.69212137006712],[-74.01344589509473,40.692117784851796],[-74.01343563361445,40.69211544203149],[-74.01342500755418,40.69211440433347],[-74.01341430141831,40.69211469954124],[-74.01340380185518,40.69211631975083],[-74.01250258675178,40.69230358046298],[-74.0125228982703,40.692339031912205],[-74.01240888894328,40.692493527982734],[-74.01240098902987,40.69250535849942],[-74.01239161593858,40.69251654861167],[-74.01237260140897,40.6925337722466],[-74.0123501258073,40.69254838242886],[-74.01232480063537,40.69255998165265],[-74.01229731492539,40.69256825433254],[-74.0121181561439,40.69260636622017],[-74.0121172676507,40.692606554614464],[-74.01210359185663,40.692609465502],[-74.01204369179824,40.69260181662157],[-74.01184920038536,40.69251819724795],[-74.01184889307429,40.692517873281545],[-74.01181185647239,40.692479335566965],[-74.0117988123054,40.692444594737],[-74.01178374501701,40.692404765970245],[-74.01175097032215,40.69231811309036],[-74.01175033086638,40.69231641141231],[-74.01175034252041,40.69231634925839],[-74.01175749051248,40.69226373956157],[-74.01183446726395,40.69215905602315],[-74.01183833471073,40.6921537967725],[-74.01183900825662,40.69215287764779],[-74.01186468706686,40.69211796262594],[-74.01190309722547,40.69209058300535],[-74.01191118801972,40.69208884407131],[-74.0119689325871,40.69207647455729],[-74.01213630770883,40.69204064435817],[-74.01213732516256,40.69204041808887],[-74.01214293316178,40.69203921967633],[-74.0121488598439,40.692037949863106],[-74.0122011411637,40.69204490509615],[-74.01232430689454,40.69209118699983],[-74.01235951844643,40.69210777028022],[-74.01239001029667,40.69212308503779],[-74.01240858547554,40.69213424103217],[-74.01242927059359,40.69215423939497],[-74.01246140165121,40.69221262441588],[-74.01253982481629,40.692196973863254],[-74.01255899015489,40.69219315382366],[-74.01282826026966,40.692139435441575],[-74.01322338051696,40.69205919065688],[-74.01324195439297,40.6920554161389],[-74.01324784563468,40.69205421763984],[-74.013285157929,40.69204736950871],[-74.01330314021652,40.69204264818424],[-74.01331123156663,40.69203949572297],[-74.01331804474162,40.692035902476825],[-74.01332367657382,40.69203182253245],[-74.01332606546663,40.69202957923131],[-74.01332818317647,40.69202720143706],[-74.0133306424728,40.69202372629861],[-74.01333264083574,40.69201997010251],[-74.01333505303266,40.692012099050025],[-74.013335394941,40.69200820902388],[-74.01333515825104,40.6920044629708],[-74.01333432976998,40.6920009245528],[-74.0133329328365,40.691997636989164],[-74.01332546520511,40.6919852029642],[-74.01331621035997,40.69197249741612],[-74.01327481959478,40.691935346795205],[-74.01326620460159,40.691927180994654],[-74.0132647611729,40.6919258027455],[-74.01325528633309,40.69191681649391],[-74.01318656537046,40.69195792841268],[-74.01291228751684,40.691690730833834],[-74.01292800393819,40.69167610442816],[-74.01285987108882,40.69160298986046],[-74.01289688430363,40.69157689600293],[-74.01289518355675,40.69157528390959],[-74.0128751983543,40.69155633025178],[-74.01286547266736,40.69154710175113],[-74.01281595185874,40.691500126723476],[-74.0127543683677,40.69147646763603],[-74.01265071760986,40.69139945918046],[-74.01262511694813,40.69140873765042],[-74.01260856859385,40.691364103624615],[-74.01258434695987,40.69137064922701],[-74.01258434935941,40.69138336288321],[-74.0125450515152,40.69139159327295],[-74.01255488211348,40.691423001247905],[-74.01253228594769,40.691428986617815],[-74.01251950686695,40.691396831956894],[-74.0120341761657,40.69150307668571],[-74.01201746659349,40.69145820704885],[-74.01259753152559,40.691334335041944],[-74.01252783209975,40.69114633733799],[-74.0121835500503,40.69113621594073],[-74.01218682075256,40.69107802427068],[-74.01182575354973,40.69106481621618],[-74.01182847957566,40.69101135826699],[-74.01219500090085,40.691028847568845],[-74.01219552958608,40.69102057366793],[-74.01221017410677,40.69079169680128],[-74.01208414396382,40.69078062230061],[-74.01208232424358,40.69075988192456],[-74.01205325432726,40.69073914340055],[-74.01199875966564,40.69075021109965],[-74.01198786281448,40.69077233657906],[-74.01197151318827,40.69077095601215],[-74.01198603276994,40.69069766861695],[-74.01199329167372,40.69065065379718],[-74.01198056761253,40.69060640777444],[-74.0120495985061,40.6906105480441],[-74.01205685428488,40.69055385448963],[-74.0120986343193,40.69054693658222],[-74.01210771369429,40.69052895959751],[-74.01212769712372,40.690528957493314],[-74.01214221600911,40.69045428780723],[-74.012231311469,40.69046133077518],[-74.01230688304496,40.68928018344021],[-74.0127032092405,40.68879053981701],[-74.0127545120306,40.68872055623792],[-74.01316926402744,40.68815477019809],[-74.01326486705615,40.68812243009669],[-74.01333019977945,40.68809316604801],[-74.01341858951295,40.688052197312686],[-74.01347243916622,40.68801205796616],[-74.01488097975005,40.68725457048861],[-74.01604730539523,40.68733800629776],[-74.01609789228404,40.68731459279077],[-74.01651927578641,40.68711955114748],[-74.01698146864119,40.686907384481536],[-74.01704986609202,40.68687598691392],[-74.01671582671993,40.68644559421226],[-74.01664664084744,40.686416346730766],[-74.0151516167432,40.68652480204178],[-74.01514831189695,40.68648716724984],[-74.01514714710135,40.686473891516584],[-74.01514391088013,40.68643703404298],[-74.01661971233223,40.68631980484097],[-74.01667351529993,40.68630516855357],[-74.01678113957146,40.68634903791921],[-74.01677346463202,40.68639877444465],[-74.01712099101067,40.68684333763663],[-74.02015656652395,40.68544978779766],[-74.02054367293066,40.685272067423426],[-74.020206867105,40.68483383207199],[-74.02016278941733,40.68483301690829],[-74.01945957389425,40.685154957922485],[-74.01939842391928,40.68508740404727],[-74.02095255010306,40.684384432149805],[-74.021008778993,40.684453539084345],[-74.02028899992249,40.68478444741341],[-74.02027819846477,40.68480913467193],[-74.02061267235811,40.68524039019811],[-74.02106226329616,40.68504102419786],[-74.02183909525702,40.684696540546916],[-74.02224078898496,40.68451840709677],[-74.02218236980758,40.684448189976365],[-74.02218869159167,40.68444512668855],[-74.02211854383413,40.68435195080149],[-74.02213693192094,40.68434407196163],[-74.02220765451614,40.68443724772663],[-74.02225477659624,40.68441886302561],[-74.02218405410032,40.68432612470384],[-74.02219841909843,40.68431824662965],[-74.02227086489509,40.684408797034045],[-74.02227948499682,40.684406170710844],[-74.02229730952679,40.68442935508521],[-74.02232719130245,40.684417973833604],[-74.0223381152258,40.68443022166487],[-74.02230823373822,40.68444379049429],[-74.02233552903563,40.684476393604236],[-74.02239732580516,40.68444898932644],[-74.02259359581053,40.684359696452546],[-74.02213250186844,40.6837676713801],[-74.02305574749595,40.682916945445164],[-74.02319462834663,40.683000498062185],[-74.02236823557682,40.68377991729662],[-74.0227589902996,40.68428444833228],[-74.0230170445636,40.68416704426914],[-74.02313509710297,40.68412415564758],[-74.0232567831563,40.684085414320876],[-74.02339776854572,40.68404096982167],[-74.02341479373878,40.6840356036331],[-74.02354160370125,40.68400298359257],[-74.02378267336752,40.683968915869066],[-74.0239473535509,40.6839492159867],[-74.0242153726967,40.683944243464346],[-74.02443173023701,40.683954030594556],[-74.02464809241233,40.68397856661313],[-74.02484185637296,40.68401294164508],[-74.02499306057489,40.68405211153047],[-74.0252164693588,40.684093980368765],[-74.02546836768583,40.68415292257831],[-74.02567183758212,40.68423645620509],[-74.02588501823529,40.68437652684011],[-74.02604653184775,40.68451415115496],[-74.02612578192957,40.68459351143983],[-74.02623238290307,40.68470026055129],[-74.02633404242411,40.68480169772425],[-74.02644066624605,40.68495162452],[-74.0265182291209,40.6851089331485],[-74.02657640943092,40.685241663038134],[-74.02660875559265,40.685376857507336],[-74.02662819083879,40.6855268052523],[-74.02662178340164,40.685654633608905],[-74.02660890959822,40.68576279857215],[-74.02657021545328,40.685905384681405],[-74.02649600144075,40.68605535301906],[-74.02642577243199,40.686175339829674],[-74.02637621613799,40.68623131829755],[-74.0263127037025,40.68629511626812],[-74.02622025384262,40.68638456708839],[-74.02617488097594,40.68642907222906],[-74.0260658492153,40.686530566228086],[-74.02578387059678,40.6867947069199],[-74.02557971866342,40.686997457102585],[-74.02538699246993,40.68716690428228],[-74.02518794246538,40.68735622798434],[-74.0251542677043,40.68738749447698],[-74.02498452676963,40.687545099961085],[-74.02495996488967,40.68756820415202],[-74.02474903514549,40.6877870289097],[-74.02456390211564,40.68796465845383],[-74.0244568522127,40.68806055891941],[-74.02433922808864,40.68816580905301],[-74.02432308577336,40.68818025651946],[-74.0241951143645,40.688294765589994],[-74.02411997621049,40.68836824351029],[-74.02397192277753,40.68851302540438],[-74.0239692481425,40.68851554959562],[-74.02381144169387,40.68866451580275],[-74.02367436482496,40.68879230875482],[-74.02353644452158,40.688915770458415],[-74.0233903409696,40.68904924811606],[-74.02313394750381,40.68929545476723],[-74.02268465939626,40.6897174713565],[-74.02256537904927,40.68982575842608],[-74.02243973951974,40.689939819942026],[-74.02225114057599,40.69012221908075],[-74.02189942193753,40.69044347236062],[-74.02149639768447,40.69082705033485],[-74.02147636060455,40.69084662262124],[-74.02121292061632,40.691103965650925],[-74.0209799620248,40.69132439136478],[-74.02071969701758,40.6915809849955],[-74.02071619151157,40.691584232140606],[-74.02046388462897,40.691817991104074],[-74.02020527434277,40.69203392385429],[-74.01985623976927,40.692906232798954],[-74.01979706616879,40.69304156274455],[-74.01979424538102,40.69304594507623],[-74.01976764190407,40.693080556787784],[-74.01973308200053,40.69311410708286],[-74.01969271833848,40.69314366549232],[-74.01964733815213,40.69316865551747],[-74.01959782651936,40.69318858975965],[-74.01954514909961,40.69320307942636],[-74.01952625786079,40.69320679085198],[-74.01943565275222,40.693221177495715],[-74.01934366784627,40.69322898888424],[-74.01925112489695,40.693230155233955],[-74.01915885064417,40.69322466612496],[-74.01901238394866,40.693219828999844],[-74.0188658057989,40.69321771373443],[-74.01885074755803,40.69321765086623],[-74.01879710616217,40.69321765964008],[-74.01819162214244,40.69325480043086],[-74.0179603944228,40.69326898376665],[-74.0173589862862,40.6933058707621],[-74.01674756096051,40.693343367715094]]],[[[-74.00154172832214,40.69278596325277],[-74.00174362045013,40.69240674970556],[-74.00400795971098,40.693208199632394],[-74.00374561906433,40.69361620298117],[-74.00345348490625,40.69405163067137],[-74.00127014902638,40.693296062678975],[-74.00154172832214,40.69278596325277]]],[[[-74.03995040722508,40.700890631145555],[-74.03945262869286,40.70053316007526],[-74.03938278052841,40.70057769506413],[-74.03771124708588,40.699344040348045],[-74.03809786060721,40.699039505747336],[-74.03822954379386,40.698368592200566],[-74.03900043789976,40.69836989039134],[-74.0393403760411,40.69811551483624],[-74.03993272066951,40.698544422793965],[-74.0402555501724,40.69880482330762],[-74.0412426176618,40.69953674143513],[-74.0417476880198,40.69914786356697],[-74.03991248806584,40.69770204039866],[-74.04166051826829,40.696452972142694],[-74.04367371164739,40.69802040433041],[-74.04363686145157,40.69804823269857],[-74.0436565090815,40.69806409108856],[-74.0427039572267,40.698800600587035],[-74.04296505161545,40.698999362827614],[-74.0410986117106,40.70049294389254],[-74.04080080558192,40.700268549926896],[-74.04031250841486,40.700625749695334],[-74.04028808671875,40.70064361346766],[-74.03995040722508,40.700890631145555]]],[[[-74.01637519607705,40.70483848543414],[-74.01629634968471,40.70480001614245],[-74.01620631508617,40.70480459664908],[-74.01586269099582,40.70483319281673],[-74.01565756552223,40.70483308805324],[-74.01539758528025,40.70480014976229],[-74.01527764266731,40.70478061147402],[-74.0151697002939,40.70475865774878],[-74.01497135117036,40.704712976785494],[-74.0148954201934,40.70469751935809],[-74.01476047964222,40.70467114565478],[-74.01462770232278,40.70463903696269],[-74.01449750884306,40.70460129428678],[-74.01437031146699,40.704558037844855],[-74.01428922860929,40.704549075855255],[-74.0142706576719,40.70452023021389],[-74.01425861241319,40.704489444176026],[-74.01425342527078,40.7044575651665],[-74.01425523881004,40.70442547234231],[-74.01439176746143,40.703598783213906],[-74.01442983104556,40.70315064778906],[-74.0144127997529,40.703076397862176],[-74.01438732489046,40.70300356117506],[-74.0143536006008,40.702932692734606],[-74.01431188417205,40.702864332636956],[-74.0142624932251,40.702799001666925],[-74.01420580413141,40.702737197634164],[-74.01383440917506,40.7024057015408],[-74.01381943931491,40.70223669218959],[-74.01380950284084,40.70214787498582],[-74.01380832851315,40.702138842509484],[-74.01380906579196,40.70212978328636],[-74.01381169572892,40.70212093013219],[-74.01381615073574,40.702112510566565],[-74.0138223163213,40.70210474096624],[-74.01383003403416,40.70209782100427],[-74.01383910553433,40.70209192851865],[-74.01384929769056,40.7020872149416],[-74.01386034857215,40.70208380140875],[-74.01387197417974,40.702081775645055],[-74.01388387574386,40.70208118971125],[-74.01390716088105,40.70207561917767],[-74.01392909349924,40.70206746730766],[-74.01394918273373,40.70205691654521],[-74.0139669789764,40.70204420302254],[-74.0139820839381,40.70202961127592],[-74.01399105898179,40.702018182652346],[-74.01399896416874,40.70200857776665],[-74.0140050428122,40.701998231383826],[-74.01400917744868,40.7019873434386],[-74.01401128818107,40.701976124330685],[-74.0139791258922,40.7015310716128],[-74.01381405436403,40.70130626667211],[-74.01374768188298,40.701200357378916],[-74.01372314309033,40.7011330224067],[-74.01370775408019,40.70107027893058],[-74.014339208975,40.701132681104454],[-74.01395152602434,40.70099098296279],[-74.01409198385458,40.70055161732206],[-74.01410490300086,40.70051082838691],[-74.01409144883425,40.700508335721906],[-74.01412821190827,40.70039328255724],[-74.0141372638859,40.700394955210335],[-74.01414860637784,40.70032057172374],[-74.01417467279454,40.700260891293865],[-74.01422063195479,40.70011149086316],[-74.01430981311289,40.70012129606879],[-74.01430981586151,40.70013410151569],[-74.01417787931787,40.700541474056315],[-74.01416495763289,40.700539052030855],[-74.014152387873,40.70057786578354],[-74.01428920741134,40.70064414476513],[-74.01430157023228,40.7006322112702],[-74.0142965168929,40.700629186523756],[-74.01431530198717,40.700611037974305],[-74.01431796468086,40.70061249730786],[-74.01436783583218,40.7005461226676],[-74.01444813150715,40.700447372400006],[-74.01455999973689,40.700309786779705],[-74.01457513332039,40.700316916833806],[-74.01458425440427,40.70030846895512],[-74.01458234409444,40.70028387552858],[-74.01463294333442,40.700197429407304],[-74.01467119991996,40.70021040069454],[-74.01466717213681,40.70023937990219],[-74.01465386058652,40.70024264117522],[-74.01460863003733,40.70030970824585],[-74.01460825448515,40.70032365761643],[-74.01455219325993,40.700382980751606],[-74.01449342549972,40.700445169250614],[-74.01449246893418,40.70045466900289],[-74.01448492126369,40.70046115359201],[-74.01447857931358,40.70046208215583],[-74.01440947394667,40.70055133141234],[-74.01439689988925,40.70056348088801],[-74.01439480693733,40.700570479097316],[-74.01432384363015,40.70066130412718],[-74.01464323234912,40.70081730432514],[-74.01472424834412,40.70071429389435],[-74.01477142439123,40.700663651404305],[-74.01481236514054,40.7006108499362],[-74.014859266594,40.70055544364041],[-74.0149303261122,40.7004792693609],[-74.01499883053579,40.70040612057654],[-74.01506818269299,40.70031825755497],[-74.01509832270138,40.70033426602604],[-74.01503579735085,40.70042083151324],[-74.01502271060053,40.70041953605866],[-74.0150085051725,40.700437709926106],[-74.01499314575906,40.70043684731985],[-74.01496757071692,40.700465414879666],[-74.01497495489552,40.7004701777236],[-74.01494881182732,40.70049441410384],[-74.01494255505806,40.7005061027888],[-74.01492322289359,40.70051519147148],[-74.01491754650799,40.70052557521015],[-74.01492379463966,40.70053033920978],[-74.01493687947067,40.7005229798839],[-74.01494199155971,40.70052384382837],[-74.0148859896547,40.70058011443574],[-74.0148200428468,40.700660619780294],[-74.01472681782191,40.70077401584971],[-74.01470264967836,40.700799115523246],[-74.01467365628477,40.70083460852585],[-74.01481072560132,40.700903830977],[-74.01482834225281,40.700894742869735],[-74.01502113595637,40.700992504013534],[-74.01514231812101,40.700842892354295],[-74.01567778184742,40.70125602102747],[-74.01579351711148,40.70134690580752],[-74.01591034233417,40.70146094844386],[-74.01611609060481,40.701630801625384],[-74.01613890635986,40.70164601660019],[-74.01624449060658,40.70175272143683],[-74.01639205370195,40.70189770100827],[-74.01651515260797,40.70201729917403],[-74.01653258703746,40.70203653968308],[-74.01681859599923,40.70233857508051],[-74.01689657041221,40.7024218789544],[-74.01700396789508,40.70255453562761],[-74.01713705889378,40.70271134026771],[-74.01714508062653,40.70270534997619],[-74.01725182133946,40.70283555726378],[-74.01724571591123,40.702838457739226],[-74.01725328400015,40.702846222662735],[-74.01729346221033,40.70288743870688],[-74.01731837763421,40.70291887227422],[-74.01739839332288,40.70301914130752],[-74.01744003546037,40.70307751454189],[-74.01749381162738,40.70315484245499],[-74.01754038297949,40.7032361604299],[-74.01757548561497,40.70330750305605],[-74.01759647967035,40.703361386303904],[-74.01761681217135,40.703423248967994],[-74.01762601904917,40.703422760222],[-74.0176479750685,40.70349459987959],[-74.01766045074616,40.703549979097595],[-74.01766881307255,40.70359131296511],[-74.01777128020325,40.70358381592972],[-74.01776730114295,40.70354518126095],[-74.01787839274608,40.703538508539914],[-74.0178846288097,40.703581783189236],[-74.01789088495346,40.70362520726914],[-74.01777639388398,40.70363255834208],[-74.01777128399812,40.70359805138263],[-74.0176713202028,40.70360642788642],[-74.01768310568121,40.703711131727935],[-74.01767264581419,40.703711790543444],[-74.01767689629428,40.70377050414121],[-74.0176742874819,40.70383436757155],[-74.01766578442248,40.70389923371859],[-74.01765792483438,40.703932662289006],[-74.01764306532671,40.70398897245629],[-74.01765378898192,40.70399838081258],[-74.01765461989739,40.70400968256981],[-74.01764390293597,40.70402224590198],[-74.01763399890534,40.70402475128061],[-74.01762657963023,40.70402350082165],[-74.01757035573978,40.7041838809867],[-74.01713123827543,40.70428253640617],[-74.01684600635767,40.704634886589666],[-74.01677034130769,40.704632192410244],[-74.01669982043855,40.704633192413624],[-74.01663729183826,40.704633411715],[-74.01662845409635,40.70474390568697],[-74.01662761095643,40.70479943133964],[-74.01652040359087,40.70479971850539],[-74.01637519607705,40.70483848543414]]]]},"properties":{"shape_area":"11993281.8692","ntaname":"The Battery-Governors Island-Ellis Island-Liberty Island","cdtaname":"MN01 Financial District-Tribeca (CD 1 Equivalent)","shape_leng":"49616.7910027","boroname":"Manhattan","ntatype":"9","nta2020":"MN0191","borocode":"1","countyfips":"061","ntaabbrev":"Btry_GvIsl","cdta2020":"MN01"}},{"type":"Feature","geometry":{"type":"MultiPolygon","coordinates":[[[[-74.00281726484997,40.728363129806716],[-74.00272009661748,40.728322816026285],[-74.00262399528637,40.72827864249366],[-74.00242264678387,40.728175537960205],[-74.00214891366657,40.72803536650204],[-74.00139033470369,40.72766000259543],[-74.0006323912446,40.727286612660805],[-73.99991579063095,40.72693471343448],[-73.99911824651605,40.726542313089794],[-73.9983611915256,40.726167468765624],[-73.99761019459693,40.725797139105005],[-73.99677175711443,40.725431943502656],[-73.99584577426455,40.72520835398432],[-73.99532907805332,40.72508374023134],[-73.99490827256867,40.72495123022454],[-73.99417930331387,40.72469240731416],[-73.9934576903203,40.72443289568328],[-73.99267182358393,40.724160254422024],[-73.99260322198438,40.724136449683414],[-73.99263254954289,40.72405686565501],[-73.99309190138952,40.72282008536908],[-73.99326016062814,40.7223544262779],[-73.99333917242919,40.72214114067443],[-73.99336181506884,40.72208001783544],[-73.99352731235682,40.721633262371036],[-73.99379593781062,40.72093753796828],[-73.99383792118108,40.72083214912435],[-73.9940415520236,40.72032097982317],[-73.99407263067107,40.72024349190807],[-73.99416805894519,40.72001184625204],[-73.99423470916302,40.719851515066104],[-73.99439866258628,40.71945710892785],[-73.99480778889196,40.718457426852886],[-73.99542875812696,40.71727924304787],[-73.99580912195114,40.71664466021054],[-73.99605872612268,40.71623164071349],[-73.99698375215492,40.71654054317207],[-73.99776285925765,40.71681392862413],[-73.9985892550198,40.71709951153713],[-73.99931241612073,40.717550241777424],[-73.9999562073255,40.7180170950872],[-74.00053195433159,40.71843023951666],[-74.00127273274153,40.71896142644599],[-74.00140055550511,40.719052620701504],[-74.00188406177368,40.71939757079044],[-74.0026000175572,40.71990342582796],[-74.00325954961072,40.72037709575839],[-74.0035118635122,40.72055635239187],[-74.00392928293418,40.72085443506042],[-74.0046351609051,40.72135363324079],[-74.005227160865,40.721744103565534],[-74.0053098599786,40.721824191813134],[-74.00591289789004,40.72225294916498],[-74.00629841644647,40.72254950366802],[-74.007629040206,40.72349770357554],[-74.0079120591084,40.723699767267625],[-74.00807835135338,40.723826863266474],[-74.00830216198719,40.72397780901863],[-74.0085709091372,40.72416935528241],[-74.00864380478329,40.72422131745533],[-74.0093176035701,40.72470155189168],[-74.00973152280115,40.724990371531405],[-74.01005338503623,40.7252444518749],[-74.01081238106582,40.72578980255595],[-74.0109227719211,40.72579415134836],[-74.01093934422869,40.725684621338914],[-74.01094272973226,40.725662242469],[-74.01105619480037,40.72514841088298],[-74.01112250872238,40.724820481219446],[-74.0111492636328,40.7246881720788],[-74.01123470847256,40.724265632952104],[-74.01135428262167,40.72427718324577],[-74.0114393288481,40.724284468772936],[-74.0115912254892,40.72429760426044],[-74.01196432049132,40.72432986474237],[-74.01181339585268,40.72507800680846],[-74.01165415104032,40.72586737407078],[-74.01165326569942,40.72587176185139],[-74.01195833074827,40.725977598715765],[-74.01231588417463,40.726033842782805],[-74.01411595378192,40.72621586280047],[-74.01477821548475,40.726281706975946],[-74.01516324118435,40.72631971243939],[-74.01520426531143,40.72636194937961],[-74.01518864981985,40.726451182505045],[-74.01517084019788,40.72657939015512],[-74.01514325523303,40.72671052627938],[-74.01512356549462,40.726793942564576],[-74.0143067159662,40.726708120694155],[-74.01341677520723,40.72662103121344],[-74.01234454766033,40.72651943048249],[-74.01154201897604,40.72644734692711],[-74.01138323516679,40.728229272869875],[-74.0110047284862,40.72819323917561],[-74.01087083220061,40.728180494239986],[-74.01076791416925,40.72817395881295],[-74.01064289761028,40.72817210837767],[-74.01054872124601,40.729100683350836],[-74.00934961954432,40.728987556400476],[-74.00859271950969,40.728915277887765],[-74.0070902077075,40.72877225385595],[-74.0053136913515,40.72860449508683],[-74.0031276729681,40.72839380211466],[-74.00281726484997,40.728363129806716]]]]},"properties":{"shape_area":"12916761.4511","ntaname":"SoHo-Little Italy-Hudson Square","cdtaname":"MN02 Greenwich Village-SoHo (CD 2 Equivalent)","shape_leng":"18577.1114381","boroname":"Manhattan","ntatype":"0","nta2020":"MN0201","borocode":"1","countyfips":"061","ntaabbrev":"SoHo","cdta2020":"MN02"}},{"type":"Feature","geometry":{"type":"MultiPolygon","coordinates":[[[[-73.9899029597005,40.734434790136916],[-73.98986852051472,40.73352711455486],[-73.99003455647767,40.73275415137396],[-73.99010225655749,40.73244537234036],[-73.99011350142588,40.73240050484625],[-73.99021190884345,40.731996334907365],[-73.99039009870532,40.731288524329976],[-73.9905055844942,40.73056495774282],[-73.99072530255718,40.729878687476344],[-73.99078461514357,40.72974574833846],[-73.99097394420761,40.729195707209115],[-73.99114315146113,40.728588157658045],[-73.99122943516693,40.728072618365715],[-73.99129790628717,40.72775524906479],[-73.9912343947096,40.72772680526232],[-73.99135288829764,40.72755739856265],[-73.99138898249227,40.72749770114212],[-73.99155207512996,40.72709433722642],[-73.99156762773715,40.7270346476187],[-73.99163853343113,40.72683325627746],[-73.99179396131375,40.726391795864146],[-73.9920610841139,40.725644614334236],[-73.99221516524891,40.7252325956681],[-73.99232767870696,40.724906098397156],[-73.99257987308616,40.72420155492322],[-73.99260322198438,40.724136449683414],[-73.99267182358393,40.724160254422024],[-73.9934576903203,40.72443289568328],[-73.99417930331387,40.72469240731416],[-73.99490827256867,40.72495123022454],[-73.99532907805332,40.72508374023134],[-73.99584577426455,40.72520835398432],[-73.99677175711443,40.725431943502656],[-73.99761019459693,40.725797139105005],[-73.9983611915256,40.726167468765624],[-73.99911824651605,40.726542313089794],[-73.99991579063095,40.72693471343448],[-74.0006323912446,40.727286612660805],[-74.00139033470369,40.72766000259543],[-74.00214891366657,40.72803536650204],[-74.00242264678387,40.728175537960205],[-74.00262399528637,40.72827864249366],[-74.00272009661748,40.728322816026285],[-74.00281726484997,40.728363129806716],[-74.00278351015878,40.72843547029347],[-74.00252602956398,40.72900792032954],[-74.00220337099437,40.7296532562983],[-74.00215659160689,40.72975679045363],[-74.00168465480945,40.73058156329234],[-74.00141242386637,40.73106525649149],[-74.00095442165967,40.73170609830177],[-74.0005106621846,40.73231522422844],[-74.00006842651058,40.732924661834964],[-73.99976346863303,40.73335923356574],[-73.99956212470227,40.733612394824846],[-73.99918595313538,40.734138582410715],[-73.9987144369552,40.734783860928026],[-73.99853021578028,40.735037892833084],[-73.99827418854026,40.735391139580734],[-73.99780750942062,40.73603590657234],[-73.99734132767398,40.736667889863305],[-73.99683993860414,40.73736088990079],[-73.99361688263357,40.73600449161598],[-73.99171498619222,40.73521530116912],[-73.99119899246841,40.73501236858343],[-73.99075396728541,40.734839155076216],[-73.9899029597005,40.734434790136916]]]]},"properties":{"shape_area":"10600456.4919","ntaname":"Greenwich Village","cdtaname":"MN02 Greenwich Village-SoHo (CD 2 Equivalent)","shape_leng":"12974.0060903","boroname":"Manhattan","ntatype":"0","nta2020":"MN0202","borocode":"1","countyfips":"061","ntaabbrev":"GrnwchVlg","cdta2020":"MN02"}},{"type":"Feature","geometry":{"type":"MultiPolygon","coordinates":[[[[-74.00915345103353,40.74249618805874],[-74.00901826553093,40.742437478583156],[-74.00889339798327,40.74238416769186],[-74.00879080522756,40.74237514422621],[-74.00869902208262,40.742361724465994],[-74.00820401746283,40.74214751879102],[-74.00779115980625,40.74197084524934],[-74.00697077724409,40.74162712766073],[-74.00544214756812,40.74098214026177],[-74.00536221941265,40.74094950402063],[-74.00512553452256,40.74085021407359],[-74.00310733752076,40.73999752106158],[-74.00252381416747,40.73975264364216],[-73.99968422973271,40.73855247431866],[-73.99683993860414,40.73736088990079],[-73.99734132767398,40.736667889863305],[-73.99780750942062,40.73603590657234],[-73.99827418854026,40.735391139580734],[-73.99853021578028,40.735037892833084],[-73.9987144369552,40.734783860928026],[-73.99918595313538,40.734138582410715],[-73.99956212470227,40.733612394824846],[-73.99976346863303,40.73335923356574],[-74.00006842651058,40.732924661834964],[-74.0005106621846,40.73231522422844],[-74.00095442165967,40.73170609830177],[-74.00141242386637,40.73106525649149],[-74.00168465480945,40.73058156329234],[-74.00215659160689,40.72975679045363],[-74.00220337099437,40.7296532562983],[-74.00252602956398,40.72900792032954],[-74.00278351015878,40.72843547029347],[-74.00281726484997,40.728363129806716],[-74.0031276729681,40.72839380211466],[-74.0053136913515,40.72860449508683],[-74.0070902077075,40.72877225385595],[-74.00859271950969,40.728915277887765],[-74.00934961954432,40.728987556400476],[-74.01054872124601,40.729100683350836],[-74.01064289761028,40.72817210837767],[-74.01076791416925,40.72817395881295],[-74.01087083220061,40.728180494239986],[-74.0110047284862,40.72819323917561],[-74.01138323516679,40.728229272869875],[-74.01439069866335,40.7284630480228],[-74.01434461474166,40.728622183781496],[-74.0142192854302,40.72952342775554],[-74.01407741391151,40.73064040969048],[-74.01408693559907,40.730663172537746],[-74.01403796924798,40.73069421884391],[-74.01401552295431,40.730682839656104],[-74.01116195696476,40.73045067634906],[-74.01108971391913,40.73125256845347],[-74.01107170223513,40.73145249217627],[-74.01099350879163,40.732320418443194],[-74.0109411822674,40.73300776276679],[-74.01146083559186,40.73302841414098],[-74.01400220214607,40.73306800179547],[-74.01399957240966,40.73333227751776],[-74.01090389883285,40.73329761713959],[-74.0108984071244,40.733351207376025],[-74.01087119562877,40.73335261107369],[-74.01084459795318,40.73335720264685],[-74.0108192555359,40.7333648713636],[-74.01079577954346,40.733375432282685],[-74.01077473613176,40.73338863071339],[-74.01075663279269,40.73340414835778],[-74.01074329965175,40.73342264729577],[-74.01073424409643,40.7334425878869],[-74.01072972383811,40.733463402651914],[-74.01072986752096,40.73348449923341],[-74.01073467106033,40.73350527725332],[-74.01074399775862,40.7335251453988],[-74.01075758219493,40.7335435382503],[-74.0107750377782,40.73355993237253],[-74.01080216588863,40.733578120145],[-74.01083296874205,40.733592528943085],[-74.01086654686934,40.73360273801687],[-74.01083284563205,40.73400709350844],[-74.01201791944403,40.734063744456414],[-74.01200124222385,40.73433840066365],[-74.01081359479102,40.73428344314504],[-74.01078798331723,40.73454829384438],[-74.0107092291038,40.735362872140186],[-74.0106429201788,40.7360486977049],[-74.01067724659342,40.736056279956834],[-74.01066986685149,40.73610193192922],[-74.01068752603769,40.736113867722786],[-74.01070404345349,40.7361291844309],[-74.01071702975841,40.73614635650884],[-74.0107261323198,40.73616491766635],[-74.01073110396335,40.73618436389375],[-74.01073180968531,40.73620416714772],[-74.01072823031869,40.73622378968978],[-74.01072046305416,40.736242698687995],[-74.0107087188013,40.73626038068571],[-74.01069377895611,40.73627594899948],[-74.01067576024602,40.736289501111195],[-74.01065512584171,40.736300688662695],[-74.01065421033879,40.73634774424076],[-74.01061910077432,40.736345390721816],[-74.01056810573449,40.7369722206451],[-74.0105158157675,40.73759606445108],[-74.0104765981442,40.738063940595076],[-74.0110870663594,40.73809274957873],[-74.01106791868261,40.73830409667672],[-74.01108874534026,40.738317525162906],[-74.0111066567485,40.738333198755214],[-74.01112123935664,40.73835075557301],[-74.01113215647038,40.73836979025446],[-74.0111391560257,40.73838986331565],[-74.0111155367333,40.73839208578525],[-74.01109173772858,40.73839218132031],[-74.01106808891194,40.73839014859647],[-74.01105426715455,40.73838794795727],[-74.01105126196646,40.738396426253196],[-74.01045432864593,40.738364505223025],[-74.01042867884634,40.73870336465879],[-74.0103930306848,40.739174296059275],[-74.01049858988299,40.73917343277044],[-74.01055473996819,40.739186239551636],[-74.01074676135302,40.739175936679636],[-74.01138798406551,40.73921605558606],[-74.01148456734612,40.73926046158894],[-74.01158045436232,40.73926453560952],[-74.01158818724899,40.73927159489508],[-74.01158715816617,40.73947886932966],[-74.01163351895192,40.73950648606615],[-74.0116279231176,40.73956247310103],[-74.01155518156285,40.739556726227335],[-74.01152745020399,40.73987377044476],[-74.01151491736535,40.73997286369882],[-74.01146073955348,40.74058421525512],[-74.01215741913097,40.74060599863387],[-74.01215372624051,40.74067425662073],[-74.01265742489994,40.74069665223181],[-74.0126592820849,40.740747638497446],[-74.01257372996915,40.74074173184491],[-74.01257372874724,40.74073525712008],[-74.01147486918863,40.74068706027105],[-74.01137438820497,40.74072394814393],[-74.01071840609642,40.74068559442816],[-74.00963145571748,40.740645366871696],[-74.00949685520361,40.7407270117855],[-74.00949154621281,40.74074270943981],[-74.00951627358202,40.74077358367353],[-74.0095184419594,40.74080572341952],[-74.00950137905859,40.74082922374579],[-74.00946293860208,40.74090233724034],[-74.00941140266131,40.74115409331289],[-74.00953902448505,40.74125115861616],[-74.00966433364141,40.74129880035852],[-74.0096192344045,40.7413636110174],[-74.01020818993538,40.741607537928275],[-74.0103835807221,40.741397854029195],[-74.01139609242074,40.74182281323513],[-74.01083987411933,40.74259673402249],[-74.01029100591911,40.74235852514224],[-74.01012563710833,40.74257583177704],[-74.00932113973238,40.7422442427166],[-74.00928105078988,40.742305240433],[-74.00919185316725,40.74229263151677],[-74.00915345103353,40.74249618805874]],[[-74.00937125244927,40.742185150284676],[-74.0100880336451,40.742488155673705],[-74.01019827672162,40.742333753739885],[-74.0098223415751,40.74216605205814],[-74.01016559689424,40.74167234857615],[-74.00956912252538,40.74142270306152],[-74.00952151608982,40.741485607942465],[-74.00936174828301,40.74142362424445],[-74.00934576009128,40.74151041070383],[-74.00927792756082,40.74187861135874],[-74.00923779939568,40.74207162766051],[-74.00941384793754,40.742129870170864],[-74.00937125244927,40.742185150284676]]]]},"properties":{"shape_area":"14416861.7497","ntaname":"West Village","cdtaname":"MN02 Greenwich Village-SoHo (CD 2 Equivalent)","shape_leng":"23882.3960537","boroname":"Manhattan","ntatype":"0","nta2020":"MN0203","borocode":"1","countyfips":"061","ntaabbrev":"WstVlg","cdta2020":"MN02"}},{"type":"Feature","geometry":{"type":"MultiPolygon","coordinates":[[[[-73.98449647010706,40.70950966444194],[-73.98639828917558,40.70932658388306],[-73.98814626172096,40.709159167014874],[-73.98815546051418,40.70914914197072],[-73.98839064023267,40.70912694916267],[-73.98844653437385,40.70913382054701],[-73.98847967268766,40.70915584730851],[-73.98849727173871,40.70917630579578],[-73.98863658005804,40.709912061516256],[-73.98864533493685,40.70991693389857],[-73.98866750580943,40.70992003483075],[-73.98869610271322,40.709928450347164],[-73.98871771045194,40.709947090518796],[-73.98873681707516,40.7099707423477],[-73.98879717785803,40.70996660747224],[-73.98889845980884,40.70995473576504],[-73.98935765630632,40.70990098670784],[-73.98946067019428,40.709889287051304],[-73.98957449608709,40.709874082109124],[-73.98974515155733,40.709848762158245],[-73.99015825373382,40.70979037266377],[-73.99051420376698,40.70973388411882],[-73.99078913018568,40.709689506086136],[-73.99106783463014,40.70965722934006],[-73.9913510923706,40.709620332703366],[-73.99170260226472,40.70956526295603],[-73.99176779580138,40.709555055021156],[-73.99190544366458,40.70952539607969],[-73.99203926968352,40.709516919162766],[-73.99209131635973,40.70950822240122],[-73.9921486897015,40.70949860910412],[-73.99236116139905,40.709464369314034],[-73.99284846748647,40.70938187763877],[-73.99374012862224,40.709246120937934],[-73.99400820164043,40.70923748042163],[-73.99414063200345,40.709233267399966],[-73.99437823543936,40.70919263919895],[-73.99457899963724,40.709130972910074],[-73.99517577369834,40.70903429381032],[-73.99601898395763,40.70891622384748],[-73.99666400996587,40.70882690502032],[-73.99728287195578,40.70873161984294],[-73.99808351186998,40.708509615869744],[-73.99828602320592,40.70842993146762],[-73.99852758585311,40.70833152790831],[-73.99856114620617,40.70831528273099],[-73.99872197955064,40.7082374528962],[-73.99875396570859,40.70822365052464],[-73.99880846276645,40.70820013449012],[-73.99882158420985,40.708175481174926],[-73.9988813086388,40.70813663391982],[-73.99898340963244,40.70809265331617],[-73.99905276738552,40.708032545363785],[-73.99913434786863,40.70798239694595],[-73.9992236326119,40.708053052123546],[-73.9992963135218,40.708110567983184],[-73.9993344994738,40.70814376118536],[-73.99937681738193,40.70817992532213],[-73.99949511700498,40.7082790722708],[-73.99975899410508,40.708483822017676],[-73.99986942608709,40.70856951479821],[-73.9999583436469,40.70863954804224],[-74.0000648350309,40.70872343133992],[-74.00013547110545,40.70877907254069],[-74.00020611874571,40.708834715372966],[-74.00047449159945,40.70905149926964],[-74.0012241191708,40.70965701921389],[-74.00141934562184,40.70981479577196],[-74.00128258532506,40.70999405347292],[-74.0012347649664,40.710055333035655],[-74.00113646625368,40.71017596472795],[-74.00100325442946,40.71035403076885],[-74.00090633549209,40.71047783135636],[-74.00079637659104,40.710618287151576],[-74.00065774519857,40.710800770841864],[-74.0005098596514,40.71098427045342],[-74.00057195570146,40.71104595572014],[-74.00062881532277,40.71111049841064],[-74.00068021208688,40.71117764151816],[-74.00072594131632,40.71124711768051],[-74.0007658208999,40.71131865024436],[-74.00079969198939,40.71139195459098],[-74.00082741969965,40.71146673859651],[-74.0008488935974,40.71154270446904],[-74.00086402815117,40.71161954970939],[-74.00087276307242,40.71169696831566],[-74.00089166198869,40.71299925835606],[-74.00089354259464,40.71302995078785],[-74.00089640187132,40.713047414613264],[-74.00093174200283,40.713263253045334],[-74.00125701936294,40.71349677866762],[-74.00156635547326,40.713683063999405],[-74.00096840382477,40.71390559611455],[-74.00074652283325,40.71451035373845],[-74.00045462977894,40.71436504759891],[-74.00052734788574,40.71517005936533],[-74.00078955054066,40.71529096840146],[-74.0005783915007,40.71557090342685],[-74.00013820907833,40.716199730562344],[-73.999930976899,40.71654391427054],[-73.99944838180335,40.717329797098365],[-73.99931241612073,40.717550241777424],[-73.9985892550198,40.71709951153713],[-73.99776285925765,40.71681392862413],[-73.99698375215492,40.71654054317207],[-73.99605872612268,40.71623164071349],[-73.99580912195114,40.71664466021054],[-73.99542875812696,40.71727924304787],[-73.99480778889196,40.718457426852886],[-73.99382785532453,40.71814447755238],[-73.99309432105578,40.71792247923655],[-73.99222064285155,40.71765844676499],[-73.99142272626793,40.717417576926835],[-73.99130415304928,40.717381681935414],[-73.99117623136941,40.717342960094946],[-73.99070289946383,40.71720060592542],[-73.9899501906863,40.71697197555456],[-73.98915463750744,40.71670864677163],[-73.98975418109097,40.71555234834054],[-73.99020235909222,40.71466443089288],[-73.99022155496816,40.71457875640861],[-73.99022750964427,40.71449167005266],[-73.99022012603876,40.714404939898],[-73.98933656444504,40.71413337601406],[-73.98870191200442,40.714185541162436],[-73.98840468949098,40.714210051959576],[-73.98766690183298,40.7142708222385],[-73.9871662796891,40.71431205754571],[-73.98585437560017,40.71442013576646],[-73.98567127734,40.71443529826611],[-73.98558505205506,40.71444240521838],[-73.98534404351345,40.71446157823269],[-73.9852432970747,40.71384567989428],[-73.9851140648145,40.71378675190442],[-73.98505770123434,40.71307771777579],[-73.98503128411657,40.712899883972604],[-73.9850246208341,40.712855030944645],[-73.98495041919544,40.71235553006069],[-73.98485280777922,40.711698142889],[-73.98478405997494,40.71122878935741],[-73.98470278689686,40.71070201588428],[-73.98468361401434,40.71060508203801],[-73.98467459366353,40.71056357736001],[-73.98466491357523,40.710514173024336],[-73.98465524385006,40.71046476215532],[-73.98449647010706,40.70950966444194]]]]},"properties":{"shape_area":"11541558.6972","ntaname":"Chinatown-Two Bridges","cdtaname":"MN03 Lower East Side-Chinatown (CD 3 Equivalent)","shape_leng":"16461.541911","boroname":"Manhattan","ntatype":"0","nta2020":"MN0301","borocode":"1","countyfips":"061","ntaabbrev":"Chntwn","cdta2020":"MN03"}},{"type":"Feature","geometry":{"type":"MultiPolygon","coordinates":[[[[-73.98245898564491,40.70554241497231],[-73.9824228717988,40.70582205494946],[-73.98102390618274,40.70589891389358],[-73.9810173390096,40.70579750596521],[-73.98230205183854,40.705736979902255],[-73.98232944150546,40.70555203366395],[-73.98237340439913,40.70554335043746],[-73.98245898564491,40.70554241497231]]],[[[-73.97507388576754,40.71875054573612],[-73.97499481533869,40.71874612548201],[-73.9749232861878,40.71876621800296],[-73.97487437705209,40.718779147782534],[-73.97478767856701,40.7188196443566],[-73.97474239970308,40.71884079474661],[-73.97468709704181,40.71882935509283],[-73.9746486049402,40.71882126931704],[-73.97357185653394,40.718597229923894],[-73.97374101738151,40.718094676271974],[-73.97391750479389,40.717593583564835],[-73.97410129682494,40.71709401364558],[-73.97429237062813,40.716596028168],[-73.97449070246019,40.716099688588905],[-73.9746962676835,40.71560505616082],[-73.97490904076973,40.71511219192394],[-73.97512899530261,40.714621156699295],[-73.9751497793714,40.71457942336094],[-73.97516360806196,40.71455190518866],[-73.97518850986295,40.71450316072399],[-73.97521387023663,40.71444849879851],[-73.97522549627963,40.714423439942],[-73.97524666388613,40.71437780680807],[-73.97524670420702,40.714377725063656],[-73.97580311283951,40.71317812509179],[-73.97579532792415,40.71317002369422],[-73.97596844519683,40.71278957339091],[-73.9760498138943,40.712604194280395],[-73.97612368838762,40.712460325900985],[-73.9761653123831,40.71242019791087],[-73.9763112786719,40.71211864731021],[-73.97642872514517,40.71190903250375],[-73.97650540115386,40.711798789452516],[-73.9765500881422,40.71173453872832],[-73.97671221539667,40.71153576517841],[-73.97681883474013,40.71141956702107],[-73.97699076574622,40.71125666023057],[-73.97705659401758,40.71119762596431],[-73.97722213562588,40.7110687307258],[-73.97752668432635,40.71084307273319],[-73.97772119493052,40.71071007466073],[-73.97782091638229,40.71064544540964],[-73.97789949619433,40.7105998662024],[-73.97799674790397,40.710561016889045],[-73.97807974906617,40.710532250577266],[-73.97818190694295,40.71050686501508],[-73.97825557749216,40.710497909055334],[-73.97837148165253,40.710489707491625],[-73.97861560123977,40.71047378241347],[-73.97877613342088,40.71046331504731],[-73.97918894377,40.7104349233883],[-73.97920726434594,40.710433666895725],[-73.97929015237106,40.71042814506955],[-73.98003642292828,40.71037840126669],[-73.98028344332192,40.71036181510847],[-73.98033652490477,40.71035920021214],[-73.98033090124423,40.71028693831361],[-73.98051046026367,40.710274751443116],[-73.98128647552548,40.71021834788167],[-73.98124579569932,40.70982621510389],[-73.98306019477388,40.709647912250695],[-73.98364234472628,40.70959187924476],[-73.98449647010712,40.70950966444194],[-73.98465524385001,40.71046476215532],[-73.98466491357507,40.710514173024364],[-73.98467459366348,40.710563577360055],[-73.9846836140143,40.71060508203801],[-73.98470278689686,40.71070201588428],[-73.98478405997501,40.71122878935741],[-73.98485280777926,40.711698142889055],[-73.98495041919527,40.71235553006069],[-73.98502462083403,40.712855030944674],[-73.98503128411647,40.712899883972646],[-73.98505770123428,40.71307771777579],[-73.98511406481455,40.71378675190442],[-73.9852432970747,40.71384567989431],[-73.9853440435134,40.71446157823272],[-73.98558505205496,40.71444240521838],[-73.98567127733983,40.714435298266146],[-73.98585437560017,40.71442013576646],[-73.9871662796891,40.71431205754571],[-73.98766690183292,40.7142708222385],[-73.98840468949098,40.714210051959576],[-73.98870191200437,40.71418554116247],[-73.98933656444504,40.7141333760141],[-73.99022012603865,40.71440493989804],[-73.99022750964416,40.71449167005266],[-73.99022155496799,40.71457875640865],[-73.99020235909205,40.71466443089288],[-73.98975418109092,40.71555234834054],[-73.9891546375074,40.71670864677167],[-73.98995019068624,40.7169719755546],[-73.99070289946371,40.71720060592542],[-73.99117623136941,40.71734296009498],[-73.99130415304928,40.71738168193545],[-73.99142272626793,40.71741757692687],[-73.9922206428515,40.71765844676503],[-73.99309432105572,40.71792247923655],[-73.99382785532457,40.71814447755238],[-73.99480778889186,40.718457426852886],[-73.99439866258628,40.7194571089279],[-73.99423470916292,40.71985151506614],[-73.99416805894519,40.72001184625208],[-73.99407263067107,40.72024349190807],[-73.9940415520235,40.720320979823185],[-73.99383792118104,40.72083214912435],[-73.99379593781067,40.72093753796828],[-73.9935273123567,40.721633262371036],[-73.99336181506891,40.72208001783544],[-73.99333917242919,40.72214114067443],[-73.9932601606281,40.7223544262779],[-73.99309190138952,40.722820085369136],[-73.99263254954289,40.72405686565501],[-73.99260322198428,40.724136449683456],[-73.99253198772745,40.7241145665996],[-73.99219861177944,40.724012609684046],[-73.99135472734818,40.723754619587424],[-73.99127307096381,40.72372981344199],[-73.99102410395398,40.723649432740395],[-73.99027361581857,40.72342601879577],[-73.9893921810376,40.723174058997586],[-73.98875683194557,40.7229703661111],[-73.98863862694621,40.722933720766186],[-73.9885436135351,40.722903617853426],[-73.98786491366825,40.72269708870181],[-73.9871358474217,40.72246981162315],[-73.98628573956006,40.722241920008734],[-73.98585984110207,40.72209973225845],[-73.9855168611052,40.72198522495766],[-73.98467780163293,40.7217306053404],[-73.98382387210108,40.72147287206686],[-73.9830030854691,40.72122268107829],[-73.98216615175821,40.7209688547742],[-73.98130824107952,40.72070878563614],[-73.98008058907905,40.72033934050989],[-73.9796602165646,40.72021282967859],[-73.97875234830163,40.71993370711198],[-73.97803122596595,40.719638347646416],[-73.97722379174816,40.719309775859415],[-73.9767449554882,40.71921523353852],[-73.97648182372318,40.71915962886298],[-73.97635525073238,40.71913288492185],[-73.97610198635165,40.71908069426004],[-73.97551012651918,40.71895861253001],[-73.97545167479797,40.71894655992822],[-73.97549309173966,40.71886907100653],[-73.97511852943936,40.718753040486085],[-73.97507388576754,40.71875054573612]]]]},"properties":{"shape_area":"16473190.47","ntaname":"Lower East Side","cdtaname":"MN03 Lower East Side-Chinatown (CD 3 Equivalent)","shape_leng":"22960.7636789","boroname":"Manhattan","ntatype":"0","nta2020":"MN0302","borocode":"1","countyfips":"061","ntaabbrev":"LES","cdta2020":"MN03"}},{"type":"Feature","geometry":{"type":"MultiPolygon","coordinates":[[[[-73.96715101106554,40.718316125932276],[-73.96656241831437,40.71801586680612],[-73.96659690266586,40.71796798189264],[-73.96718343223782,40.71827592102763],[-73.96719282626925,40.718265144524636],[-73.96730741474404,40.71831306668161],[-73.96723013304984,40.718414668340486],[-73.96718243631273,40.71848305579903],[-73.96706867689147,40.718439035791306],[-73.96709096267313,40.71840576680832],[-73.96715101106554,40.718316125932276]]],[[[-73.9664432335092,40.719243203651686],[-73.96650150486249,40.71919128043473],[-73.96646644128893,40.71917459142336],[-73.96644906386173,40.719179141582735],[-73.96643687073039,40.7191398253446],[-73.9663664313901,40.71910049160136],[-73.96632227620144,40.71910405237614],[-73.9663636385141,40.71905045604833],[-73.96574267076741,40.71870687777699],[-73.96575996467396,40.71868903528171],[-73.96634580602186,40.71901614134104],[-73.96637512035431,40.718984670776145],[-73.96663600829616,40.71913014321531],[-73.96654863232129,40.719221575952325],[-73.96651371046346,40.719202805475724],[-73.96646745714561,40.71924344072387],[-73.96648075649595,40.71935679107166],[-73.96650737099574,40.71935865987264],[-73.96652341507118,40.71936849300282],[-73.96653476032199,40.719380707164085],[-73.96653866772373,40.71939559908939],[-73.96653591996437,40.71941197956649],[-73.96652886928423,40.719420613692414],[-73.96651453667191,40.71943097474451],[-73.96649136159756,40.71943620941361],[-73.96645879444058,40.719433340415065],[-73.96644063945848,40.71941999228287],[-73.96643313544055,40.719396641546304],[-73.96643690008688,40.71938234640699],[-73.9664456742461,40.71937091308061],[-73.96646509449421,40.71936043440744],[-73.9664432335092,40.719243203651686]]],[[[-73.96503278262037,40.7203770694748],[-73.96511736757607,40.720316339861355],[-73.96567655698846,40.720678960540425],[-73.96559823311401,40.72074445840254],[-73.96503278262037,40.7203770694748]]],[[[-73.96483433609403,40.72079554744079],[-73.96436107868253,40.72047723987696],[-73.96439735617604,40.72044183442644],[-73.96486440927369,40.72077554186074],[-73.96492581691774,40.72072028444708],[-73.96503100130573,40.72079084137116],[-73.9649307430023,40.72088135056601],[-73.96485304211566,40.72095280435711],[-73.96475287190977,40.72087748333992],[-73.96483433609403,40.72079554744079]]],[[[-73.96402617458521,40.72088089306861],[-73.9640659124426,40.72079991096243],[-73.96437504301146,40.720992550768635],[-73.96430846303322,40.72105566948843],[-73.96402617458521,40.72088089306861]]],[[[-73.96424069640435,40.720612230996444],[-73.96427462409184,40.720575767593715],[-73.96495059736658,40.721424182106944],[-73.96484284863446,40.72146417609468],[-73.96420193010492,40.72065389425678],[-73.96424069640435,40.720612230996444]]],[[[-73.97177410965303,40.72582128133709],[-73.97179142961485,40.72581422114913],[-73.97181650521712,40.725814965747205],[-73.97185935764855,40.7255829690302],[-73.97187437695213,40.72550311607987],[-73.97188490885411,40.72542440506563],[-73.97191120732053,40.72529037069994],[-73.97193374501082,40.72517629035129],[-73.97193975456312,40.72515803861007],[-73.97196154778612,40.72503997830825],[-73.97200511841213,40.72484148970828],[-73.97203666966882,40.72468407002013],[-73.97206595867391,40.724559158831305],[-73.97207196960318,40.724536351360705],[-73.97208098151926,40.72449756793041],[-73.97208400057282,40.72446790554572],[-73.97209751290927,40.72442341473213],[-73.97215609001717,40.72417017827813],[-73.97216585996632,40.72413196327317],[-73.9722169237619,40.72393005464681],[-73.97223344676958,40.72384677992634],[-73.97226499868268,40.72371445683107],[-73.9723250773157,40.72346349982992],[-73.97236115744644,40.72331206047648],[-73.97239945748277,40.723148816366674],[-73.97251011180381,40.72269688600675],[-73.97288971396699,40.72108829721938],[-73.97298649726433,40.72067054958291],[-73.97309006575439,40.720253744942724],[-73.97320040345741,40.719837947097226],[-73.97331749335824,40.719423219689354],[-73.97344131740955,40.7190096261971],[-73.97357185653394,40.718597229923894],[-73.9746486049402,40.71882126931704],[-73.97468709704181,40.71882935509283],[-73.97474239970308,40.71884079474661],[-73.97478767856701,40.7188196443566],[-73.97487437705209,40.718779147782534],[-73.9749232861878,40.71876621800296],[-73.97499481533869,40.71874612548201],[-73.97507388576754,40.71875054573612],[-73.97511852943936,40.718753040486085],[-73.97549309173966,40.71886907100653],[-73.97545167479797,40.71894655992822],[-73.97551012651918,40.71895861253001],[-73.97610198635165,40.71908069426004],[-73.97635525073238,40.71913288492185],[-73.97648182372318,40.71915962886298],[-73.9767449554882,40.71921523353852],[-73.97722379174816,40.719309775859415],[-73.97803122596595,40.719638347646416],[-73.97875234830163,40.71993370711198],[-73.9796602165646,40.72021282967859],[-73.98008058907905,40.72033934050989],[-73.98130824107952,40.72070878563614],[-73.98216615175821,40.7209688547742],[-73.9830030854691,40.72122268107829],[-73.98382387210108,40.72147287206686],[-73.98467780163293,40.7217306053404],[-73.9855168611052,40.72198522495766],[-73.98585984110207,40.72209973225845],[-73.98628573956006,40.722241920008734],[-73.9871358474217,40.72246981162315],[-73.98786491366825,40.72269708870181],[-73.9885436135351,40.722903617853426],[-73.98863862694621,40.722933720766186],[-73.98875683194557,40.7229703661111],[-73.9893921810376,40.723174058997586],[-73.99027361581857,40.72342601879577],[-73.99102410395398,40.723649432740395],[-73.99127307096381,40.72372981344199],[-73.99135472734818,40.723754619587424],[-73.99219861177944,40.724012609684046],[-73.99253198772745,40.7241145665996],[-73.99260322198428,40.724136449683456],[-73.99257987308604,40.724201554923255],[-73.9923276787069,40.72490609839719],[-73.99221516524881,40.72523259566814],[-73.99206108411386,40.725644614334236],[-73.99179396131375,40.726391795864146],[-73.99163853343113,40.72683325627751],[-73.991567627737,40.72703464761874],[-73.99155207512986,40.72709433722642],[-73.99138898249227,40.72749770114212],[-73.99135288829754,40.72755739856265],[-73.99123439470965,40.72772680526236],[-73.99129790628707,40.72775524906479],[-73.99122943516699,40.72807261836575],[-73.99114315146102,40.728588157658045],[-73.99097394420757,40.729195707209115],[-73.99078461514345,40.72974574833846],[-73.99072530255708,40.729878687476344],[-73.9905055844942,40.73056495774285],[-73.9903900987052,40.73128852433001],[-73.99021190884338,40.731996334907365],[-73.99011350142584,40.73240050484628],[-73.99010225655745,40.73244537234036],[-73.99003455647762,40.73275415137396],[-73.9898685205146,40.73352711455486],[-73.98990295970046,40.734434790136916],[-73.98883935023996,40.73399047993133],[-73.98877931595969,40.73396540024105],[-73.98757195138026,40.733456991180994],[-73.98718049582432,40.7332921482642],[-73.98494550511883,40.732349673320506],[-73.98356052033174,40.731770225436264],[-73.98346644120123,40.731731081620985],[-73.98321467146553,40.73162416829114],[-73.98296440531304,40.731520842547454],[-73.98255629231726,40.731350134554546],[-73.98246876214004,40.731314885235726],[-73.98190911373968,40.73109512931653],[-73.98166656898994,40.73099854758114],[-73.98034007500232,40.73044246137643],[-73.97992109976272,40.73026220520872],[-73.97910803740506,40.72991055898036],[-73.97802697796664,40.72943306011227],[-73.97753843746929,40.7292262484196],[-73.97690436239527,40.72895782478039],[-73.97619632359164,40.72866197702918],[-73.97581244833346,40.72851976762239],[-73.97566782459063,40.72846253250907],[-73.9732979670599,40.72742800936226],[-73.97205015281106,40.7268809467972],[-73.97197684905781,40.72683035620129],[-73.97191244063708,40.726791009269775],[-73.97185671237702,40.726758685466166],[-73.9717960198695,40.72671367965663],[-73.97162697271706,40.726628453499494],[-73.97166972701153,40.726392327656995],[-73.97169587451613,40.7262418293024],[-73.97171894361502,40.72612199325954],[-73.97173843313291,40.72599966755543],[-73.97176755410212,40.72583330345467],[-73.97177410965303,40.72582128133709]]]]},"properties":{"shape_area":"18984762.0252","ntaname":"East Village","cdtaname":"MN03 Lower East Side-Chinatown (CD 3 Equivalent)","shape_leng":"22375.9305726","boroname":"Manhattan","ntatype":"0","nta2020":"MN0303","borocode":"1","countyfips":"061","ntaabbrev":"EstVlg","cdta2020":"MN03"}},{"type":"Feature","geometry":{"type":"MultiPolygon","coordinates":[[[[-74.00178824022314,40.76229452014167],[-74.00141628629774,40.76213655266783],[-74.00127796266636,40.76207582517447],[-74.00115054116877,40.76202581235699],[-74.00103587393085,40.761968352259316],[-73.99939320922185,40.76127707643726],[-73.9983121118473,40.760822069021344],[-73.99648642702537,40.760053101075485],[-73.99621172379474,40.759937394822174],[-73.99603730536171,40.75986392534557],[-73.99547450167069,40.75962685701757],[-73.995931496116,40.758996453580544],[-73.99640941488109,40.758339158674445],[-73.99663529111801,40.758012921859695],[-73.99680089635105,40.75778916020667],[-73.99685244812545,40.75773270991647],[-73.99692177805065,40.75763758219778],[-73.99723373657878,40.757209542781006],[-73.99729876461934,40.757107040735924],[-73.99577488030937,40.756454515229386],[-73.99511286348465,40.756175774446135],[-73.99500601536029,40.75613671437022],[-73.99446824672701,40.7559088622047],[-73.99163271156422,40.754706805512086],[-73.99207900011059,40.75409111586537],[-73.99252855903761,40.753473913395226],[-73.99297937711941,40.752853402898985],[-73.99346417670151,40.752190055267654],[-73.99394825571736,40.75152222216263],[-73.99437946790309,40.750930389802825],[-73.99484363698666,40.750293308962846],[-73.99529821372835,40.74967168260003],[-73.99574855507053,40.74905219622095],[-73.99619655400889,40.748439327744634],[-73.99664704350982,40.74782272958538],[-73.99709902854308,40.747205102042265],[-73.99501433044634,40.7463223276826],[-73.99426258496462,40.74600398135785],[-73.99141858494612,40.74480268299879],[-73.99187102345438,40.744185571448845],[-73.99206647165171,40.74391620320887],[-73.99232182344697,40.74356809342186],[-73.9928034088292,40.74291002070589],[-73.99328973175751,40.7422342820523],[-73.9937335385751,40.74162220232191],[-73.99397071688509,40.741298439234136],[-73.99416078183029,40.74102882279597],[-73.99459264822453,40.74044198090836],[-73.9950179854245,40.73986001175257],[-73.99544725767048,40.73926838457992],[-73.99587409458944,40.738685946168005],[-73.9963423689983,40.738045232559166],[-73.99683993860414,40.73736088990079],[-73.99968422973271,40.73855247431866],[-74.00252381416747,40.73975264364216],[-74.00310733752076,40.73999752106158],[-74.00512553452256,40.74085021407359],[-74.00536221941265,40.74094950402063],[-74.00544214756812,40.74098214026177],[-74.00697077724409,40.74162712766073],[-74.00779115980625,40.74197084524934],[-74.00820401746283,40.74214751879102],[-74.00869902208262,40.742361724465994],[-74.00879080522756,40.74237514422621],[-74.00889339798327,40.74238416769186],[-74.00901826553093,40.742437478583156],[-74.00915345103353,40.74249618805874],[-74.00909156846187,40.74288614856982],[-74.0092401357503,40.74289951891253],[-74.00924074160118,40.74291316136601],[-74.00962015348905,40.742951247887206],[-74.00956843411774,40.743257785228984],[-74.00958464345696,40.74326351998051],[-74.0121194002866,40.74351661218258],[-74.01213726936176,40.74353192705925],[-74.01214813183593,40.74355930154756],[-74.0120900828904,40.74389763815146],[-74.01206903486668,40.74392249354837],[-74.01202085006399,40.743939770208854],[-74.01197763276794,40.74393556042107],[-74.0095120176736,40.74367609325772],[-74.00948868364225,40.743695681179545],[-74.00943800870859,40.74397125497051],[-74.00939426932104,40.74396871633564],[-74.0090420750423,40.74393387125508],[-74.00890032962842,40.74391792709604],[-74.00880283523894,40.744439348126804],[-74.00872780058869,40.744858232407466],[-74.00872986359421,40.74488153782969],[-74.00893975844275,40.744909217332456],[-74.00957440546827,40.74499290866287],[-74.00961227858333,40.74499790315061],[-74.00955832929749,40.74528882529872],[-74.00991660813463,40.745327255509665],[-74.00993436677696,40.745317078101856],[-74.00993796184925,40.74529670090787],[-74.00994341816717,40.74526576973638],[-74.00995048769153,40.74522569082352],[-74.00995852601352,40.74518012014921],[-74.00996759893339,40.745128681108525],[-74.0099735068339,40.74509519411574],[-74.00998135739343,40.745050682388495],[-74.00998917273134,40.74500638375687],[-74.00999822601715,40.744955059302136],[-74.00998685784818,40.74494416421523],[-74.00986948474728,40.74493391770718],[-74.00987211085473,40.744916501623216],[-74.01016790535392,40.744942329709616],[-74.01016465197362,40.7449639241272],[-74.01005375656217,40.74495423492993],[-74.01003848384619,40.74496345858077],[-74.0100236125255,40.74504634531803],[-74.01001404323709,40.74509967661556],[-74.01000814033458,40.74513257676564],[-74.00999930170606,40.745181839791066],[-74.00999250457971,40.745219718561735],[-74.00998320066579,40.74527157308876],[-74.00997743638767,40.745303703608975],[-74.0099739502192,40.74532313510927],[-74.00999095379989,40.74533668566879],[-74.01046920011868,40.74538676602899],[-74.01048835594958,40.74537571459211],[-74.01049187351383,40.745355166511295],[-74.01049693441198,40.74532561543083],[-74.01050332781192,40.745288270908866],[-74.01051171655331,40.745239275258356],[-74.01052083436342,40.74518602186142],[-74.01052681665291,40.74515108120869],[-74.01052968455846,40.745134332512635],[-74.01055044755881,40.745013056704884],[-74.01053188168753,40.745002981869234],[-74.01041700660248,40.744993582200784],[-74.01041937209379,40.744976823668495],[-74.01076419780692,40.74500503202081],[-74.01076156046138,40.74502372618354],[-74.0106062154019,40.74501101647431],[-74.01058579200931,40.745020446561604],[-74.01056801091906,40.745137932826424],[-74.01056370849734,40.74516636225321],[-74.01055056928827,40.74525318207785],[-74.01053978205329,40.74532445541941],[-74.01053373468656,40.745364407457075],[-74.01053106537704,40.74538205038949],[-74.01054520392164,40.74539213551422],[-74.01110359804885,40.74544767024397],[-74.01111624097207,40.74543612462552],[-74.01112466163889,40.74537776220253],[-74.01113010029034,40.74534322832556],[-74.01113887006929,40.745287549134446],[-74.01114545795528,40.74524572071857],[-74.01115627315944,40.74517704715616],[-74.01116113418436,40.74514617646103],[-74.01117183119833,40.74507825878596],[-74.01115328709832,40.7450686425677],[-74.01104281748233,40.745060963926186],[-74.01104459150831,40.74504621240204],[-74.0113876997419,40.7450731131852],[-74.01138567845317,40.74508800763889],[-74.01123037991141,40.745075830160204],[-74.01121085294047,40.74517080368261],[-74.0112059244744,40.74519477063079],[-74.01118816871934,40.74528112558912],[-74.01118102964986,40.745315849441425],[-74.01116675082797,40.74538529848449],[-74.01115419110828,40.745446378084026],[-74.01116709976122,40.745460352540015],[-74.01173958552825,40.74551991869279],[-74.01179527645735,40.745154666985016],[-74.01178273500794,40.7451349561284],[-74.01166900853472,40.74512733119142],[-74.01167067583789,40.74511397683727],[-74.01183642872417,40.745125963678774],[-74.01177458786383,40.745524845918816],[-74.01177025765044,40.74555278353504],[-74.01176635449525,40.74557798004351],[-74.0117827582809,40.74560157225544],[-74.01171897530921,40.745939845500395],[-74.01171123496545,40.74596125915174],[-74.01167885439514,40.745979461816056],[-74.01163451251723,40.74597839430357],[-74.01055524902235,40.74587110392034],[-74.01055133475734,40.74590288450231],[-74.01012821388653,40.74585723943161],[-74.01012821162075,40.745842335463074],[-74.0099466846229,40.74581951494823],[-74.0099480791384,40.74580017091197],[-74.00946389855972,40.74575014365948],[-74.00945236676588,40.74581747389092],[-74.00944165126164,40.745880035252775],[-74.00943562211815,40.74591524221594],[-74.00942443646909,40.745980547860505],[-74.00941900727406,40.74601224727717],[-74.00940745668294,40.746079695106516],[-74.00940155801693,40.746114136126494],[-74.00939067734767,40.746177655911794],[-74.00938523645618,40.74620942736318],[-74.00938042260202,40.746237536305465],[-74.00937637598555,40.746261163859266],[-74.00936362734237,40.746335602479846],[-74.01153382764755,40.746567754209714],[-74.01156782922591,40.74657945166638],[-74.01159123434022,40.74660150547598],[-74.0115884687918,40.74662807490479],[-74.01153307180618,40.746966826948075],[-74.01151183018266,40.74698460410307],[-74.01148373087554,40.74699058876531],[-74.01144491250467,40.746986285028484],[-74.00924314658668,40.74676279025117],[-74.00913736259926,40.74735976280303],[-74.00956047962374,40.74740279960456],[-74.00956103476231,40.74738773359525],[-74.00956765300357,40.747387877453235],[-74.00956826626565,40.74737108390917],[-74.00955039867249,40.747370706615435],[-74.00955155415365,40.74733934176792],[-74.00996384996873,40.747377803012554],[-74.00995838445463,40.74741167258546],[-74.00990669970044,40.747406850111034],[-74.00990158912964,40.74743848434895],[-74.01135675337719,40.74759241784426],[-74.01139477557412,40.74761090261132],[-74.0114067393551,40.74763054956549],[-74.01134693158467,40.74797620549263],[-74.01133174375619,40.74800057584464],[-74.0113035299375,40.74801457190892],[-74.01126611253964,40.748013719181195],[-74.00905847901343,40.74778564533286],[-74.00894606502322,40.748411893168736],[-74.00897918339888,40.748412709627004],[-74.00897918171539,40.74840021938054],[-74.00907100927556,40.748409767206425],[-74.00907390770351,40.748395061700855],[-74.00941511636562,40.74842958641473],[-74.00941607672534,40.74843693503796],[-74.00952336741516,40.74844795680827],[-74.0095188236012,40.74847354043597],[-74.01116687561544,40.748645046766185],[-74.01119472751151,40.748656814113914],[-74.01121561813423,40.74867799274615],[-74.01121562130412,40.748696821175834],[-74.01114914281891,40.7490257472649],[-74.01113289942995,40.74904163433362],[-74.01110891116892,40.7490498754171],[-74.01107797059215,40.74905164311728],[-74.00994817938037,40.748931988508275],[-74.0095617474735,40.74996997469676],[-74.00925340917924,40.74998520622454],[-74.00910453215725,40.750371069730356],[-74.01067737532622,40.751022674979524],[-74.01056463476449,40.751321462603904],[-74.00900098259461,40.7506481842852],[-74.00870618650585,40.75142680500335],[-74.00873137829976,40.75146589446718],[-74.00866729071825,40.75162819772337],[-74.00862089839431,40.75165257741992],[-74.00853256925016,40.751883608801755],[-74.008760049935,40.75194801370454],[-74.00914082120002,40.75209759409906],[-74.00912661123245,40.75211689573494],[-74.00874567715042,40.75196439532705],[-74.00865115936804,40.75193951211309],[-74.0086431823763,40.75195650203196],[-74.00896912527926,40.75207679198135],[-74.00895742294804,40.752090225130985],[-74.00903895969962,40.75212515514733],[-74.00904909796247,40.75211834944303],[-74.00910757975159,40.75213971211186],[-74.00910596820002,40.7521421244469],[-74.00905774009662,40.752214351243204],[-74.00899734911651,40.75218910594716],[-74.00900762808322,40.75217684173425],[-74.00892887650475,40.7521440018702],[-74.00891472422606,40.75216362847585],[-74.00867223768388,40.75206225000077],[-74.00859053101699,40.75202810543441],[-74.00858095760466,40.752043882411634],[-74.00866456561988,40.75207286737429],[-74.00934089245285,40.75235561004815],[-74.00932795206236,40.75237350354875],[-74.00847895572794,40.75201857141734],[-74.00842636447226,40.752157850239286],[-74.0088177981942,40.75232434535164],[-74.00880273703076,40.752344854037226],[-74.0088394166214,40.75235881653471],[-74.00885173565307,40.75234228177298],[-74.00986566961524,40.75276341313929],[-74.00984627922618,40.75278544195944],[-74.0098892261995,40.75280368052559],[-74.00990631519599,40.75278041119839],[-74.0099905581975,40.752816187149115],[-74.00992010631784,40.75291212501183],[-74.00997058797022,40.75293356415319],[-74.00991916209404,40.75300359145931],[-74.00978913116434,40.7529483705903],[-74.0098877480223,40.75281407765339],[-74.00983854674402,40.75279496798311],[-74.00983056847903,40.752803464747224],[-74.00882994505393,40.75238001600717],[-74.00883632714998,40.75237152110955],[-74.0087921009084,40.75235213787697],[-74.00868792219579,40.752493999131],[-74.0083535283885,40.75235073984491],[-74.00801152240525,40.75325645160696],[-74.00790245613038,40.75354261201447],[-74.00773872468991,40.753972158321176],[-74.00761949611847,40.754281841271556],[-74.0077440483022,40.75433680243433],[-74.00759618989152,40.75453055123677],[-74.00747157990915,40.75447701941873],[-74.00729394650313,40.754723184450896],[-74.00728499944323,40.75473556820317],[-74.00741362036906,40.75478930266945],[-74.00727181174773,40.75498559503784],[-74.00714468360972,40.754932481173455],[-74.00695917416678,40.75518079484942],[-74.00680635763678,40.75539177513777],[-74.00670291840636,40.75553236749098],[-74.00657767658511,40.75570687093139],[-74.00647435577088,40.75584955345508],[-74.00620548925971,40.756220843971036],[-74.00610422115507,40.75636052012325],[-74.0059669102922,40.75655814193033],[-74.00592383847429,40.75662023563424],[-74.00580938168247,40.7567893414784],[-74.00541885841011,40.757323140851774],[-74.00521187705777,40.75723199904251],[-74.00480392560185,40.757809843164736],[-74.00496777078658,40.757884164447994],[-74.00527894797891,40.75802855492829],[-74.00503105070543,40.7583570159706],[-74.0069642874931,40.759160057561644],[-74.00699375268466,40.75917614764265],[-74.00701038304967,40.75920372088925],[-74.0070035890402,40.759231870843664],[-74.00652959987846,40.759874751743794],[-74.00650687640183,40.75989203231721],[-74.00647588371956,40.759893601268054],[-74.00644352901304,40.759890459962016],[-74.00631515935251,40.759842822044654],[-74.00450483093915,40.7590849970553],[-74.00420629125391,40.759501707688415],[-74.00390742032769,40.759375692183525],[-74.00380657835007,40.75951073146602],[-74.0040798895684,40.75962604474275],[-74.00424697128066,40.75969921467401],[-74.0042024743225,40.7597610718818],[-74.00414863814689,40.75983591417081],[-74.00424487588262,40.7598865731666],[-74.0042596785672,40.75987530818115],[-74.00431889425079,40.759910686266025],[-74.00426869584574,40.75995927901338],[-74.00421059345653,40.75992456661004],[-74.00422266067,40.75991310304368],[-74.00413171622799,40.75986164239605],[-74.00411162007795,40.75989300730724],[-74.00366891387445,40.75970596957662],[-74.00357251040079,40.75984655947574],[-74.00392854933564,40.76000301972046],[-74.003825595952,40.76013313666688],[-74.00358800911201,40.76045170745387],[-74.00338488229893,40.76072887120893],[-74.00313338991401,40.761078345096344],[-74.00278691552613,40.76092896970336],[-74.0023352806396,40.76154372700166],[-74.00454520983429,40.76249280144228],[-74.00455814361389,40.762507876075354],[-74.00455641560926,40.76252426552767],[-74.00444951527277,40.76266456720002],[-74.00442709659245,40.76267570735638],[-74.00439976203518,40.76267135909885],[-74.00220082073271,40.7617284327291],[-74.00178824022314,40.76229452014167]]]]},"properties":{"shape_area":"29671753.5327","ntaname":"Chelsea-Hudson Yards","cdtaname":"MN04 Chelsea-Hell's Kitchen (CD 4 Approximation)","shape_leng":"40095.2376454","boroname":"Manhattan","ntatype":"0","nta2020":"MN0401","borocode":"1","countyfips":"061","ntaabbrev":"Chls_HdsYd","cdta2020":"MN04"}},{"type":"Feature","geometry":{"type":"MultiPolygon","coordinates":[[[[-73.99612087994674,40.77327539109308],[-73.99434191991611,40.77252478244608],[-73.9942497922864,40.77252648513813],[-73.99416328456314,40.77248719051877],[-73.99383108136979,40.772931788353254],[-73.99378736933701,40.77290384676533],[-73.99372534620399,40.772864199490456],[-73.99359086248553,40.772790080296545],[-73.99341045387395,40.77287889534567],[-73.99332519689008,40.77283148004006],[-73.99333032870989,40.772824374741376],[-73.99341683117026,40.77270460314062],[-73.99378189746184,40.772199091447625],[-73.993656061224,40.7721459629036],[-73.99091307486894,40.77098775903554],[-73.9906691839986,40.77088535309567],[-73.99059644681434,40.770854810282394],[-73.99042938715506,40.77078465473395],[-73.98806289548571,40.76979080028796],[-73.98521720261179,40.76859463045786],[-73.98410142331296,40.76812416182497],[-73.98236353955835,40.76738807417324],[-73.98287713455186,40.76671559514072],[-73.98313166741198,40.76636698305522],[-73.98336657767967,40.76604524186604],[-73.9838218563728,40.765418474697455],[-73.98428230014541,40.76479181510168],[-73.98473393625358,40.764169104877304],[-73.98519152093256,40.76354367464766],[-73.985646776585,40.762914874985476],[-73.9861040601886,40.762289952604185],[-73.98656138445203,40.76166012236242],[-73.98701514401088,40.76103736747775],[-73.9874752456736,40.760404786885864],[-73.98792640561622,40.75979027766027],[-73.98839044509052,40.75916418668032],[-73.98884253802537,40.75853349956064],[-73.98929727411686,40.75790663815218],[-73.98979085269418,40.757233131918774],[-73.99027621280383,40.75656756555209],[-73.99072636251596,40.755950405564775],[-73.99117738092266,40.7553298490839],[-73.99163271156417,40.754706805512086],[-73.99446824672707,40.7559088622047],[-73.99500601536023,40.75613671437022],[-73.9951128634847,40.756175774446135],[-73.99577488030931,40.756454515229386],[-73.99729876461925,40.757107040735924],[-73.99723373657878,40.75720954278106],[-73.99692177805065,40.75763758219778],[-73.9968524481255,40.75773270991651],[-73.99680089635105,40.75778916020673],[-73.99663529111784,40.758012921859695],[-73.99640941488097,40.758339158674445],[-73.99593149611606,40.758996453580544],[-73.99547450167074,40.75962685701757],[-73.99603730536167,40.759863925345606],[-73.99621172379463,40.7599373948222],[-73.99648642702526,40.760053101075535],[-73.9983121118473,40.760822069021344],[-73.9993932092218,40.76127707643726],[-74.00103587393079,40.76196835225936],[-74.0011505411687,40.762025812357045],[-74.00127796266636,40.762075825174506],[-74.00141628629768,40.76213655266787],[-74.00178824022314,40.76229452014167],[-74.00153309066982,40.762644598630246],[-74.00375735037694,40.763582241640584],[-74.00361214794175,40.763777043909755],[-74.00138603698596,40.76285009500193],[-74.0009730802201,40.76342027172573],[-74.00314976988986,40.7643328881847],[-74.00294809515715,40.764616835428804],[-74.00306161234063,40.76466578315606],[-74.00313458336218,40.76464959820674],[-74.00316194577047,40.764612610957265],[-74.00322275585363,40.764638037670245],[-74.00315586992083,40.76473050987999],[-74.0031465291583,40.76473628142823],[-74.00313605982264,40.764740796540146],[-74.00312475129908,40.764743930412216],[-74.00311291616939,40.7647455964205],[-74.00310088157151,40.764745748514216],[-74.00308898015693,40.76474438248942],[-74.00106364220507,40.76388820826293],[-74.00073105253732,40.763755285858856],[-73.99992712367724,40.76340652847942],[-73.99963853555366,40.76356907099081],[-73.99962263458175,40.76355908121052],[-73.99951767096813,40.763706279682914],[-73.99944642217315,40.7638061945785],[-73.99943330724624,40.76382391019705],[-73.99915098087908,40.76420525958277],[-74.00227436576267,40.76552518109963],[-74.0022880237148,40.76556154329266],[-74.00205713765456,40.76587739041871],[-74.00202454330329,40.765893266570416],[-73.99919997246741,40.76470191498254],[-73.99910832564541,40.76466249935499],[-73.99888473174973,40.76456937755114],[-73.99857638530527,40.76499860727084],[-73.99859978641524,40.76507334028595],[-73.99863487876338,40.76508579473778],[-73.99866530473436,40.76510448074723],[-73.99868637477219,40.765137394267825],[-73.998695730373,40.765174765679646],[-73.99868870694563,40.76520856994735],[-73.99866764711365,40.76523703584556],[-73.99863371556071,40.765260169243824],[-73.99858924105146,40.765276178806886],[-73.99848276468678,40.76529753698442],[-73.9984383037147,40.765316213833906],[-73.99840202518257,40.765350909087616],[-73.99835829733873,40.76541804876377],[-73.99829119846429,40.765521072758816],[-73.99827090308345,40.76555223341332],[-73.99828160709531,40.76556777443225],[-74.00154217871203,40.76694470253271],[-74.00157335319162,40.766977192713355],[-74.0015618057548,40.76699649936832],[-74.00139437159498,40.767230048235675],[-74.00136434612978,40.76724936346854],[-74.00131469636003,40.76725111954744],[-74.00129391014995,40.767241458744195],[-73.99815678438965,40.765894035374146],[-73.99814818647361,40.76590560707499],[-73.99806675905349,40.7658718816383],[-73.99772134825696,40.76634912105841],[-73.99737808447956,40.76682338537442],[-74.00062837395299,40.76820311105876],[-74.00065016786199,40.76822037328415],[-74.00064950530414,40.768245236105635],[-74.00045489336712,40.76850419517751],[-74.00041765393195,40.76851248046706],[-74.00038586489072,40.76850419542935],[-73.99715588949206,40.76712869617282],[-73.99681598463503,40.767600621859216],[-73.9964571540504,40.76809881579565],[-73.999728191901,40.769473506633766],[-73.99973590247859,40.76950617783414],[-73.99955518930786,40.76975080824266],[-73.99951552161598,40.76976756583784],[-73.99947253734007,40.769764214969186],[-73.99707176039315,40.768732643576925],[-73.99702628821062,40.768795515623886],[-73.99715035477142,40.76884738771343],[-73.99701071347721,40.76902879065364],[-73.99689311312365,40.768979628819494],[-73.9965712643956,40.76942456827386],[-73.99902682832892,40.77046327298213],[-73.99876206848202,40.770825056709235],[-73.99631327022085,40.76979883633648],[-73.99588004351683,40.770400579012275],[-73.99601693130079,40.77045484938879],[-73.99590077425023,40.770613123501015],[-73.99576733283621,40.77055459545134],[-73.99542474436292,40.771031615168],[-73.9957564821289,40.77116066846587],[-73.99570859069938,40.771225812533],[-73.99579774020442,40.771282562764156],[-73.99581687579034,40.771256516415576],[-73.9959128360384,40.77129785562379],[-73.99592803670667,40.77127510283769],[-73.99600175749052,40.771307465330615],[-73.99589990100934,40.77145029908472],[-73.99589260894874,40.77144708652208],[-73.99585437252816,40.771499180748535],[-73.99579117748776,40.771475519323005],[-73.99582805886232,40.77142166722248],[-73.99572993314403,40.77137881879379],[-73.99575123412819,40.77135428177471],[-73.99562982240303,40.77132529262809],[-73.99562306904355,40.771336957512894],[-73.99530566365347,40.771196004909584],[-73.9951239555687,40.77145073876974],[-73.99499014482059,40.77144070980652],[-73.99495733353699,40.771449190697766],[-73.99493501659003,40.77146814557286],[-73.99492385728314,40.77148560543494],[-73.99492582120627,40.77151604240552],[-73.99500915438718,40.771607339441594],[-73.99497830771188,40.771645249975904],[-73.99497688494722,40.77165877542594],[-73.99707328103203,40.77254286839941],[-73.99687291449135,40.772817481228614],[-73.99477407930827,40.77192954753023],[-73.99444501293378,40.77237712658839],[-73.99545514995584,40.77280267502913],[-73.99622972001933,40.773128974542765],[-73.99612087994674,40.77327539109308]]]]},"properties":{"shape_area":"18382316.6335","ntaname":"Hell's Kitchen","cdtaname":"MN04 Chelsea-Hell's Kitchen (CD 4 Approximation)","shape_leng":"35573.8350331","boroname":"Manhattan","ntatype":"0","nta2020":"MN0402","borocode":"1","countyfips":"061","ntaabbrev":"HllsKtchn","cdta2020":"MN04"}},{"type":"Feature","geometry":{"type":"MultiPolygon","coordinates":[[[[-73.98085054350298,40.74775037037811],[-73.98134068661598,40.74707866368243],[-73.98183365015745,40.746416591557285],[-73.9822787265639,40.7457975629661],[-73.98272686388887,40.74518041538551],[-73.98317411809384,40.74456031138672],[-73.98362519896223,40.74394311456518],[-73.98407485194073,40.743324718416524],[-73.98452636642416,40.74270704258026],[-73.98497775412784,40.74208895815078],[-73.98542767744945,40.74147034852941],[-73.98587913063194,40.74085300043358],[-73.98636141647276,40.74018480104836],[-73.9868491848874,40.739521821837016],[-73.98703592721053,40.7392663785494],[-73.9873015480288,40.73890302603639],[-73.98774074448198,40.73831218833129],[-73.98817910247622,40.73773074905833],[-73.98859298276517,40.737142561202624],[-73.98901559219944,40.73656015532196],[-73.9892095394256,40.73630712113822],[-73.98945471993385,40.73598724726892],[-73.98987421282683,40.73540825891721],[-73.98986198872072,40.73532609968723],[-73.98989412810194,40.73526957654278],[-73.9899192834991,40.73521104113583],[-73.98993724087867,40.735150991555436],[-73.98994784786086,40.73508993858299],[-73.98995101378516,40.73502840188894],[-73.9899467117329,40.73496690509669],[-73.9899029597005,40.734434790136916],[-73.99075396728541,40.734839155076216],[-73.99119899246841,40.73501236858343],[-73.99171498619222,40.73521530116912],[-73.99361688263357,40.73600449161598],[-73.99683993860414,40.73736088990079],[-73.9963423689983,40.738045232559166],[-73.99587409458944,40.738685946168005],[-73.99544725767048,40.73926838457992],[-73.9950179854245,40.73986001175257],[-73.99459264822453,40.74044198090836],[-73.99416078183029,40.74102882279597],[-73.99397071688509,40.741298439234136],[-73.9937335385751,40.74162220232191],[-73.99328973175751,40.7422342820523],[-73.9928034088292,40.74291002070589],[-73.99232182344697,40.74356809342186],[-73.99206647165171,40.74391620320887],[-73.99187102345438,40.744185571448845],[-73.99141858494612,40.74480268299879],[-73.99426258496462,40.74600398135785],[-73.99501433044634,40.7463223276826],[-73.99709902854308,40.747205102042265],[-73.99664704350982,40.74782272958538],[-73.99619655400889,40.748439327744634],[-73.99574855507053,40.74905219622095],[-73.99529821372835,40.74967168260003],[-73.99484363698666,40.750293308962846],[-73.99437946790309,40.750930389802825],[-73.99394825571736,40.75152222216263],[-73.99346417670151,40.752190055267654],[-73.99219264683107,40.7516539374472],[-73.99169668430575,40.75144481833755],[-73.99062219949944,40.75099175491335],[-73.98889511598651,40.75026063443415],[-73.98793687471044,40.749854967587304],[-73.98776905879744,40.749787029444306],[-73.98729376963958,40.75045160932605],[-73.9871526981961,40.75039244272661],[-73.98436512919452,40.7492232499793],[-73.98407636029249,40.7491021263891],[-73.98247211958956,40.74843150242149],[-73.98094249981168,40.74779007140452],[-73.98085054350298,40.74775037037811]]]]},"properties":{"shape_area":"14878998.7908","ntaname":"Midtown South-Flatiron-Union Square","cdtaname":"MN05 Midtown-Flatiron-Union Square (CD 5 Approximation)","shape_leng":"18799.2520872","boroname":"Manhattan","ntatype":"0","nta2020":"MN0501","borocode":"1","countyfips":"061","ntaabbrev":"MdtwnSth","cdta2020":"MN05"}},{"type":"Feature","geometry":{"type":"MultiPolygon","coordinates":[[[[-73.97301487176121,40.764278879445236],[-73.9714114162371,40.76358747419971],[-73.96990489190867,40.76295804272866],[-73.96980028759536,40.76291351263008],[-73.97025814636973,40.76228875261025],[-73.97075063816695,40.76160870175022],[-73.9712427715288,40.760936418981295],[-73.97169609148774,40.76031266144966],[-73.97215595399906,40.75968124035707],[-73.97261271352352,40.7590593084844],[-73.97306851888703,40.75843149419625],[-73.97352419545784,40.75780844128402],[-73.97398183130215,40.75717975909086],[-73.97443866251297,40.756556306848516],[-73.97488727120447,40.75592379114335],[-73.97534377802101,40.75529969518157],[-73.97580739271987,40.75467727461152],[-73.97589877608893,40.754714222695526],[-73.97651569358025,40.754974263344955],[-73.97697378975926,40.75434867554548],[-73.97743259092807,40.75371708824088],[-73.97787494174452,40.75309839238355],[-73.97834876975251,40.75241013014173],[-73.97779152070278,40.75216759592662],[-73.97767660455384,40.752118937380835],[-73.97806635527867,40.75157218071225],[-73.9781531697365,40.75145174780738],[-73.97855531729034,40.750913965988815],[-73.97860724068066,40.75084248539391],[-73.9790550813198,40.75021854388167],[-73.97950369288863,40.74960334490428],[-73.97995531449345,40.7489858999681],[-73.98040408822267,40.74836652097956],[-73.98085054350298,40.74775037037811],[-73.98094249981168,40.74779007140452],[-73.98247211958956,40.74843150242149],[-73.98407636029249,40.7491021263891],[-73.98436512919452,40.7492232499793],[-73.9871526981961,40.75039244272661],[-73.98729376963958,40.75045160932605],[-73.98776905879744,40.749787029444306],[-73.98793687471044,40.749854967587304],[-73.98889511598651,40.75026063443415],[-73.99062219949944,40.75099175491335],[-73.99169668430575,40.75144481833755],[-73.99219264683107,40.7516539374472],[-73.99346417670151,40.752190055267654],[-73.99297937711941,40.752853402898985],[-73.99252855903761,40.753473913395226],[-73.99207900011059,40.75409111586537],[-73.99163271156422,40.754706805512086],[-73.99117738092272,40.7553298490839],[-73.9907263625159,40.755950405564775],[-73.99027621280389,40.75656756555209],[-73.98979085269418,40.757233131918774],[-73.98929727411686,40.75790663815213],[-73.98884253802548,40.75853349956064],[-73.98839044509052,40.759164186680266],[-73.98792640561638,40.75979027766027],[-73.98747524567365,40.760404786885864],[-73.98701514401093,40.7610373674777],[-73.98656138445213,40.76166012236239],[-73.9861040601886,40.76228995260415],[-73.985646776585,40.76291487498543],[-73.98519152093266,40.76354367464766],[-73.98473393625368,40.764169104877254],[-73.98428230014541,40.76479181510163],[-73.98382185637274,40.76541847469741],[-73.98336657767977,40.76604524186604],[-73.98313166741198,40.76636698305522],[-73.98287713455196,40.76671559514072],[-73.9823635395584,40.76738807417319],[-73.98211061400892,40.76774447654618],[-73.98206018025489,40.76772783759077],[-73.98200758632947,40.76771566357679],[-73.98195351354988,40.76770811220975],[-73.98189866234226,40.767705280457875],[-73.9818437431846,40.76770720587577],[-73.98178946751986,40.76771386352085],[-73.98172960220704,40.76772923372381],[-73.98167269768982,40.767750116530074],[-73.98161962820231,40.76777619111452],[-73.9815712087372,40.767807057094345],[-73.981528183534,40.76784224009822],[-73.98149121360566,40.76788119960336],[-73.97907658623869,40.766876086804785],[-73.97836112821051,40.76657371198948],[-73.97623388642693,40.765674632114376],[-73.97419228933254,40.76480652900181],[-73.97363584544792,40.76456991427818],[-73.97301487176121,40.764278879445236]]]]},"properties":{"shape_area":"24552509.5397","ntaname":"Midtown-Times Square","cdtaname":"MN05 Midtown-Flatiron-Union Square (CD 5 Approximation)","shape_leng":"21258.4019045","boroname":"Manhattan","ntatype":"0","nta2020":"MN0502","borocode":"1","countyfips":"061","ntaabbrev":"Mdtwn_TmSq","cdta2020":"MN05"}},{"type":"Feature","geometry":{"type":"MultiPolygon","coordinates":[[[[-73.96236596889399,40.7242090621169],[-73.96200744732944,40.72399190160758],[-73.96207271877786,40.723880300905364],[-73.96246789944986,40.72413157960113],[-73.96247195112899,40.72417498927354],[-73.9624434091145,40.724199784978836],[-73.96239043044622,40.72419356718681],[-73.96236596889399,40.7242090621169]]],[[[-73.9750736174147,40.73536962854271],[-73.97495992910359,40.73536871900383],[-73.97489304987108,40.73537519743263],[-73.97482618516185,40.735381674150524],[-73.97474900502543,40.73542518849995],[-73.9746719303936,40.735398303178414],[-73.97444064950444,40.73531677190028],[-73.9744261618417,40.73523421868104],[-73.97441126714143,40.73517824545198],[-73.97439063081437,40.73509213243057],[-73.97437417946838,40.73503063633947],[-73.9743505499799,40.73494231313647],[-73.9743155973785,40.73480367769606],[-73.97427147926852,40.73463060847888],[-73.97425543467867,40.734566885863295],[-73.97421192226575,40.73440586844033],[-73.97418317281999,40.734300956413946],[-73.97416917978923,40.73423971179251],[-73.97415110840316,40.7341639666687],[-73.97410591714231,40.73399354354755],[-73.97406016216316,40.73381107244234],[-73.97402174588234,40.733663894436994],[-73.97399237023676,40.733554574253546],[-73.97395905029705,40.733421165538516],[-73.9739432192492,40.733403089365844],[-73.9739353135698,40.733366076784044],[-73.97390702695157,40.73334971711087],[-73.9739013764529,40.73332733730486],[-73.97389120382256,40.73330926190453],[-73.97386631865598,40.733310976086806],[-73.97386292958613,40.733291182396144],[-73.97385275193625,40.73328257140106],[-73.97384483854886,40.73326536111377],[-73.97386520802397,40.73324642803965],[-73.97385729970425,40.73321630363843],[-73.97384145962643,40.733219740868265],[-73.9738493738127,40.73323265510631],[-73.973831268467,40.73324556460661],[-73.97380976846526,40.733248999875556],[-73.97378375783396,40.7332274807055],[-73.97380298847429,40.73321198753983],[-73.97378376867186,40.73319993382182],[-73.9737645264947,40.73321284338788],[-73.97374076899347,40.73320938943967],[-73.97372718707749,40.73321971485354],[-73.97370795169569,40.733213685205],[-73.9736898498262,40.73321885010091],[-73.97367627576054,40.73320593388811],[-73.97369438098583,40.73319560951365],[-73.97369212859815,40.733174095747486],[-73.97371588914245,40.73316979674721],[-73.97372607356364,40.733159470559514],[-73.97373739762297,40.73314311987497],[-73.9737577603274,40.73313968436033],[-73.97377813922648,40.733124191460256],[-73.9738052975528,40.733120757484414],[-73.97381887171827,40.733099248157195],[-73.97384036797052,40.73310355629598],[-73.97387206174007,40.73309495480665],[-73.97386810776189,40.73306568769826],[-73.9737703082618,40.73268844617685],[-73.97367702799261,40.73231023024628],[-73.97364735766598,40.73217549376658],[-73.97362736335182,40.73210744560773],[-73.97360833346643,40.73204268972968],[-73.97353969289675,40.73176433332608],[-73.97352137914282,40.73169016478132],[-73.97341321730873,40.73128241592612],[-73.97338181410112,40.73123602442199],[-73.9733659100067,40.731220020450984],[-73.97334064688678,40.73118304166199],[-73.97331715426387,40.73115792717312],[-73.97328321111108,40.73111267641117],[-73.97323625417958,40.73105692623849],[-73.97320012915407,40.73101663239014],[-73.97314592791588,40.73096088149872],[-73.97309858148473,40.73091367989074],[-73.9730530485384,40.73086730275048],[-73.97300605975387,40.73082313191054],[-73.97291929100173,40.73075024200529],[-73.97283215562831,40.7306814813097],[-73.97274611643171,40.73060583194694],[-73.97264270492411,40.73052353780739],[-73.97255990007308,40.73045809311557],[-73.97247970053031,40.7304008068603],[-73.97245936471883,40.73038632988028],[-73.97233277439535,40.73029657196558],[-73.97224018578797,40.73023049713602],[-73.97223370120912,40.73022567784322],[-73.9720891859024,40.73011835704167],[-73.97205385215003,40.73008664992998],[-73.97201026033457,40.730045171487674],[-73.97196340301227,40.730000377720074],[-73.97190238512796,40.72993070864445],[-73.97185608949049,40.729875550267266],[-73.97182992841701,40.72984569147028],[-73.97174822290934,40.72974201454443],[-73.97174494790056,40.72973454909111],[-73.97170029038104,40.72966570295655],[-73.97162729998553,40.72955788414602],[-73.97157719441842,40.7294691356327],[-73.97151882628022,40.729351361740214],[-73.97150816031584,40.72932396598984],[-73.97147994841174,40.72924957669311],[-73.97145716122313,40.729169407558004],[-73.97143981500639,40.72909584986431],[-73.9714322181421,40.72906361904422],[-73.97142139208222,40.72899584397225],[-73.97141235109765,40.72887985602166],[-73.9714065960599,40.728794471808214],[-73.9714061790853,40.72871876374849],[-73.97141946379243,40.72856882804665],[-73.97142718443577,40.72848582538239],[-73.97145269559628,40.728341433815736],[-73.97145662182956,40.72831923751174],[-73.97147343819998,40.728209255425455],[-73.97151048447964,40.72800276290152],[-73.97155553514926,40.72770310910075],[-73.97156931647119,40.727693766695886],[-73.97157278760149,40.72764591976771],[-73.97158965149985,40.72764003369335],[-73.97161872706992,40.72765055818588],[-73.97163586152143,40.72764797412138],[-73.97165160075588,40.72764321253465],[-73.97168514866578,40.727405886636554],[-73.97158604106313,40.72739693355529],[-73.9715611436591,40.727394688247685],[-73.97153686592743,40.72739296510082],[-73.97152076789605,40.72738616623978],[-73.97151282181247,40.727374308078595],[-73.97149259992189,40.72737312284863],[-73.97149039092838,40.72735009810994],[-73.97162697271706,40.726628453499494],[-73.9717960198695,40.72671367965663],[-73.97185671237702,40.726758685466166],[-73.97191244063708,40.726791009269775],[-73.97197684905781,40.72683035620129],[-73.97205015281106,40.7268809467972],[-73.9732979670599,40.72742800936226],[-73.97566782459063,40.72846253250907],[-73.97581244833346,40.72851976762239],[-73.97619632359164,40.72866197702918],[-73.97690436239527,40.72895782478039],[-73.97753843746929,40.7292262484196],[-73.97802697796664,40.72943306011227],[-73.97910803740506,40.72991055898036],[-73.97992109976272,40.73026220520872],[-73.98034007500232,40.73044246137643],[-73.98166656898994,40.73099854758114],[-73.98190911373968,40.73109512931653],[-73.98246876214004,40.731314885235726],[-73.98255629231726,40.731350134554546],[-73.98238628685739,40.73141124480822],[-73.98232282456816,40.731497890868745],[-73.9819678211488,40.73198256112835],[-73.98180339169024,40.73220479890727],[-73.981499102476,40.732618597387145],[-73.98126771170408,40.7329247307654],[-73.98105847023749,40.733211414636536],[-73.98088975663019,40.733437071427964],[-73.98064498826052,40.73377931950934],[-73.98038020094464,40.73414437036595],[-73.98020496097199,40.7343853226939],[-73.98009050389022,40.734544370690536],[-73.97978903901505,40.73496181825905],[-73.97952802546645,40.7353063281791],[-73.97946317254214,40.73539192717342],[-73.9793481946199,40.7355531131279],[-73.97890917295847,40.736164125965125],[-73.97857449689259,40.73667728190641],[-73.97854094493694,40.73688765936021],[-73.97833820564574,40.736721471044376],[-73.97799812769105,40.73657446680087],[-73.97712441142457,40.73619679802763],[-73.97636373273296,40.73586797780813],[-73.97589093627813,40.735673198821395],[-73.97522019107778,40.735413262788875],[-73.9750736174147,40.73536962854271]]]]},"properties":{"shape_area":"5575562.38731","ntaname":"Stuyvesant Town-Peter Cooper Village","cdtaname":"MN06 East Midtown-Murray Hill (CD 6 Approximation)","shape_leng":"11962.9269609","boroname":"Manhattan","ntatype":"0","nta2020":"MN0601","borocode":"1","countyfips":"061","ntaabbrev":"StyTwn","cdta2020":"MN06"}},{"type":"Feature","geometry":{"type":"MultiPolygon","coordinates":[[[[-73.978540944937,40.73688765936021],[-73.97857449689259,40.736677281906374],[-73.97890917295852,40.736164125965075],[-73.97934819462,40.7355531131279],[-73.97946317254231,40.73539192717338],[-73.97952802546656,40.73530632817906],[-73.9797890390151,40.734961818259016],[-73.98009050389028,40.7345443706905],[-73.98020496097209,40.73438532269384],[-73.98038020094458,40.73414437036595],[-73.98064498826052,40.73377931950934],[-73.98088975663019,40.733437071427964],[-73.98105847023743,40.733211414636536],[-73.98126771170419,40.7329247307654],[-73.9814991024761,40.73261859738708],[-73.98180339169035,40.73220479890721],[-73.9819678211488,40.73198256112829],[-73.98232282456816,40.731497890868745],[-73.98238628685746,40.73141124480822],[-73.98255629231735,40.73135013455452],[-73.98296440531315,40.731520842547454],[-73.98321467146559,40.7316241682911],[-73.98346644120133,40.731731081620985],[-73.98356052033185,40.73177022543623],[-73.98494550511893,40.732349673320506],[-73.98718049582438,40.7332921482642],[-73.98757195138036,40.733456991180994],[-73.98877931595973,40.733965400241],[-73.98883935024,40.7339904799313],[-73.9899029597005,40.734434790136916],[-73.9899467117329,40.73496690509669],[-73.98995101378516,40.73502840188894],[-73.98994784786086,40.73508993858299],[-73.98993724087867,40.735150991555436],[-73.9899192834991,40.73521104113583],[-73.98989412810194,40.73526957654278],[-73.98986198872072,40.73532609968723],[-73.98987421282683,40.73540825891721],[-73.98945471993385,40.73598724726892],[-73.9892095394256,40.73630712113822],[-73.98901559219944,40.73656015532196],[-73.98859298276517,40.737142561202624],[-73.98817910247622,40.73773074905833],[-73.98774074448198,40.73831218833129],[-73.9873015480288,40.73890302603639],[-73.98703592721053,40.7392663785494],[-73.9868491848874,40.739521821837016],[-73.98636141647276,40.74018480104836],[-73.98587913063194,40.74085300043358],[-73.98542767744945,40.74147034852941],[-73.98497775412784,40.74208895815078],[-73.98452636642416,40.74270704258026],[-73.98407485194073,40.743324718416524],[-73.98400851958684,40.743299018905134],[-73.98245520730401,40.74264696008478],[-73.98085965324304,40.741969768081816],[-73.98131180297912,40.74135092460934],[-73.98176150669184,40.74073311255927],[-73.98221134367088,40.740114535136385],[-73.9826675979102,40.739498439778075],[-73.98219046759937,40.739297369359264],[-73.98180819557223,40.7391362695318],[-73.980760053671,40.73869454876721],[-73.98066600341524,40.738654627060775],[-73.98042358439359,40.73855308790642],[-73.97949062548729,40.738159793045895],[-73.9789157439442,40.73791765966427],[-73.97805226409517,40.73755395365605],[-73.978540944937,40.73688765936021]]]]},"properties":{"shape_area":"7526022.78361","ntaname":"Gramercy","cdtaname":"MN06 East Midtown-Murray Hill (CD 6 Approximation)","shape_leng":"12095.3773915","boroname":"Manhattan","ntatype":"0","nta2020":"MN0602","borocode":"1","countyfips":"061","ntaabbrev":"Grmrcy","cdta2020":"MN06"}},{"type":"Feature","geometry":{"type":"MultiPolygon","coordinates":[[[[-73.96128450656235,40.73015906220379],[-73.96128261876044,40.73006102551248],[-73.96134184244276,40.730063677588134],[-73.96140472395209,40.73006105276665],[-73.96140171917793,40.730111025610874],[-73.9616867065903,40.73008186930375],[-73.96191028747239,40.72996258061547],[-73.96188586360677,40.72995256566792],[-73.96195920452803,40.729859668448086],[-73.96202496266523,40.729885422237835],[-73.96197794944979,40.72994401874983],[-73.96221474459296,40.729916935274176],[-73.96241964278741,40.7298012081141],[-73.9624854657926,40.72971116711249],[-73.96254933952301,40.72974406834919],[-73.96247787713797,40.72983696655825],[-73.96245157418072,40.729828380622685],[-73.96226735368313,40.72993124874206],[-73.96225228876595,40.72998556647941],[-73.96219463503515,40.72997597375561],[-73.96220156915889,40.72995409923714],[-73.96194409928027,40.72998689437476],[-73.96170724216636,40.73012119529487],[-73.96135279077674,40.73015195755583],[-73.96128450656235,40.73015906220379]]],[[[-73.96197039369794,40.73157711168549],[-73.96197040783923,40.73155233317266],[-73.96171289348555,40.73156611484985],[-73.96169848157612,40.73153234189716],[-73.96167446706346,40.731481254557714],[-73.96199050226586,40.73146656621105],[-73.96199800352291,40.73149325315422],[-73.96290006803089,40.73144780167747],[-73.96290258567524,40.7314287411495],[-73.96320076537533,40.73141740112731],[-73.96319829672976,40.73135068741034],[-73.96328098663872,40.7313430888365],[-73.96328097403442,40.731365962573555],[-73.96355911991354,40.731335553391645],[-73.96355164152934,40.73126312024709],[-73.96365939232885,40.731249811482094],[-73.96369938139036,40.731436620059874],[-73.96358410965732,40.73145755028228],[-73.96356661657292,40.731371771152354],[-73.96328095722937,40.73139645960522],[-73.96329343161838,40.73149557932851],[-73.96290754784943,40.73151642296391],[-73.96291505478288,40.73153358010091],[-73.96197039369794,40.73157711168549]]],[[[-73.96051732536237,40.74410534158363],[-73.96056856726295,40.74402966658503],[-73.96067204645479,40.74405121585624],[-73.96064863700711,40.74413031761411],[-73.96051732536237,40.74410534158363]]],[[[-73.97604824796775,40.751441393877926],[-73.97444451493509,40.75076469299474],[-73.97395914661114,40.75144102177988],[-73.9735025572896,40.7520649326576],[-73.97126234383126,40.751122241299434],[-73.96895616037153,40.750131243460906],[-73.96890797166554,40.750112443750176],[-73.96932031369863,40.74951697534528],[-73.96954460583608,40.74920504593256],[-73.96964244432957,40.74915807397896],[-73.96993994085602,40.748908180223616],[-73.96998692011056,40.74886871410204],[-73.96989975474928,40.748826908159],[-73.9698450138527,40.748800653383555],[-73.96974960064186,40.74882682425992],[-73.9696663891406,40.748789278362935],[-73.96846164115897,40.74829237930523],[-73.9682953485235,40.748196573187876],[-73.96819585983536,40.74810394684822],[-73.96812137126072,40.748076371720785],[-73.96804637794249,40.748038996459655],[-73.96797654536046,40.74800492083956],[-73.96791272906268,40.747970935641966],[-73.96811893399281,40.74772582974996],[-73.96817376101056,40.74766675374181],[-73.96823574687345,40.74759121889493],[-73.96836519324144,40.747433494620175],[-73.96823171715793,40.74736847648928],[-73.96829622113238,40.74729565136713],[-73.96829811451536,40.747283394500315],[-73.96830191005915,40.74727329874205],[-73.96831613715759,40.747274024359314],[-73.9683261043343,40.747252034096256],[-73.96834696591314,40.74724121831011],[-73.96836118844801,40.74721814448123],[-73.96840008314135,40.74716695446688],[-73.96843139158776,40.74712945662027],[-73.96846363690706,40.7470941284857],[-73.96847691942963,40.74707250030313],[-73.9685006403586,40.74704438450723],[-73.9685148595502,40.74703284399809],[-73.96853479000805,40.74700039727696],[-73.96854427866177,40.746988142815326],[-73.96858885224545,40.746943443580825],[-73.96859169503479,40.74693334705013],[-73.96860023472263,40.746921091319855],[-73.96860971997499,40.74691460360573],[-73.96861730876974,40.746899454772745],[-73.96863912464659,40.74687927414415],[-73.96866379796649,40.746846819812376],[-73.96867043421345,40.74683600997998],[-73.96869225190505,40.74680860846025],[-73.96870458089755,40.74680068279622],[-73.9687107654442,40.74678826391719],[-73.96875271240361,40.74674271521679],[-73.96894301109302,40.74651833569653],[-73.96896670537485,40.74653050079944],[-73.96897366849464,40.746529007336534],[-73.968988992317,40.746505791494776],[-73.96899981595465,40.74650193477241],[-73.96900302810072,40.746490808881944],[-73.96901641754017,40.74648115258887],[-73.96901961115891,40.7464724394052],[-73.96907193267167,40.74641298300623],[-73.96913096118836,40.7463407153067],[-73.96921135921289,40.74624451480128],[-73.96923432172304,40.74622228451409],[-73.96924707518127,40.746207781490895],[-73.96925028881678,40.746196171945286],[-73.96932591437405,40.746104087207904],[-73.96933228026558,40.74610167233755],[-73.9693392445915,40.74609265659099],[-73.96938290644789,40.746035949025],[-73.96940022327856,40.74602084326551],[-73.96940086652106,40.746014027130045],[-73.96941753333469,40.74599696633184],[-73.96943292389894,40.745976988226154],[-73.96946210038284,40.74594457813621],[-73.96952046125196,40.745869041116556],[-73.96955059658639,40.74583882769362],[-73.9695974026113,40.74578278461445],[-73.96962370583377,40.745746717297074],[-73.96963204180284,40.74574330514348],[-73.96969487777564,40.74566679689096],[-73.96969678845915,40.745657000293015],[-73.9698756140306,40.74544478913764],[-73.96990575265286,40.74545820464258],[-73.96991227975771,40.74545175893367],[-73.96993139614943,40.74546300191991],[-73.96992704959041,40.745467792035065],[-73.96997377026268,40.745495747430645],[-73.9700475890486,40.74540286180197],[-73.9700912317568,40.74535112965359],[-73.97012962576976,40.74530536609178],[-73.97021602288615,40.745200579535485],[-73.97033931161238,40.74504963202253],[-73.9703257132144,40.74503694896186],[-73.9703257193112,40.74502326089761],[-73.97037811940505,40.74495230558328],[-73.97044255489001,40.74487037600958],[-73.97046063637525,40.74486474389316],[-73.9704724057641,40.7448662422503],[-73.97050560032646,40.7448237642593],[-73.9705687722909,40.74473186530611],[-73.97062381510642,40.74465642621009],[-73.97078834776615,40.74440621819296],[-73.97085704434332,40.74443263789983],[-73.97087688233857,40.744445573430994],[-73.97088963376729,40.74444772919938],[-73.97089742067703,40.74445473677975],[-73.97090946066079,40.74445635209398],[-73.97091724845453,40.74446335984078],[-73.9709285803237,40.74446336270162],[-73.97094062960392,40.74447144452804],[-73.97098222712394,40.74440763421734],[-73.97101392396064,40.74435861480514],[-73.97111438057892,40.74420436093237],[-73.9707827612865,40.74404724738945],[-73.97077757716099,40.74404662522198],[-73.9707583395367,40.74403919038233],[-73.97075084955125,40.74402980466479],[-73.97071823494028,40.744016927848186],[-73.97070578720823,40.74400256198683],[-73.97070317531659,40.74399049541141],[-73.97072277474828,40.74396951622384],[-73.97074257272017,40.74394832516267],[-73.97075061381979,40.743948634113174],[-73.97076123524698,40.7439421081443],[-73.9707920969469,40.74395601043512],[-73.97079892989288,40.74395279750643],[-73.9708358740413,40.74396967223816],[-73.97083595486522,40.74396970358602],[-73.97087357851309,40.74398767527201],[-73.97095964992798,40.744025696987116],[-73.97096300193458,40.7440236727749],[-73.97117346753153,40.744107535008254],[-73.97118193576082,40.744103232707886],[-73.97120616502974,40.74406602984664],[-73.97127362462311,40.74396474842362],[-73.97135752941857,40.74383845535952],[-73.9712342398151,40.74378464619026],[-73.97120546301963,40.74377151030134],[-73.97128101831672,40.74365194205136],[-73.97135563409142,40.7435396498521],[-73.97149421270429,40.74333467396253],[-73.97163772174339,40.74311720098451],[-73.97167921200835,40.74305446355721],[-73.97188888913038,40.74272482035555],[-73.97176261327057,40.74267267153469],[-73.97174059715836,40.74266357950895],[-73.9717750124805,40.742615911642055],[-73.97195955856255,40.74233792154373],[-73.97204926316724,40.741887753273666],[-73.97206949682824,40.74178890543225],[-73.97210163980672,40.741623202060964],[-73.97215263572176,40.741388587601286],[-73.97219804747697,40.741144668691646],[-73.97228618248522,40.74073827307384],[-73.97228992099203,40.740721039534385],[-73.97221282599348,40.74071166411086],[-73.97219567275307,40.74070957946141],[-73.97218268503993,40.74070628041211],[-73.97216848387873,40.74069312030052],[-73.97216477368673,40.74067572162659],[-73.97216549760822,40.74067216505],[-73.97221525425884,40.74042656351947],[-73.97222515614351,40.74041669642865],[-73.9722350431715,40.74041340390462],[-73.9722356621098,40.7404054157278],[-73.97219641647804,40.740402578750356],[-73.97221685422322,40.74030762506157],[-73.97226753642106,40.740313743779744],[-73.9722700133414,40.740308574345725],[-73.97225332319142,40.74030010605743],[-73.97224837803611,40.74029117236134],[-73.97229979590853,40.740034962743],[-73.97231030373018,40.74001851267473],[-73.97233141721718,40.74001090819973],[-73.97243888981437,40.74002174947073],[-73.97265743803044,40.739222754276994],[-73.97265528968876,40.73917826898265],[-73.97265060379648,40.73905826621819],[-73.97264431062423,40.739017462335404],[-73.97264512721938,40.73895866831102],[-73.97264674830757,40.73884587100981],[-73.97263256455176,40.73878946904759],[-73.97263100998644,40.738740265008175],[-73.97262787457528,40.73870906146969],[-73.97262630543392,40.73866586408452],[-73.97262792189827,40.73859386866601],[-73.97262084766378,40.73852066499104],[-73.9726192965622,40.738463068045995],[-73.97262753952535,40.73840038548489],[-73.9726388480016,40.738395309274686],[-73.9726383333128,40.73837968547395],[-73.97262807328735,40.738367967245466],[-73.97262452608486,40.738243363959576],[-73.9726327464411,40.73823242476482],[-73.97263327107359,40.73822383329848],[-73.97262254718066,40.73821706821183],[-73.97261946865977,40.73804427874754],[-73.97261474017323,40.738029868845516],[-73.9726060999748,40.737938672288806],[-73.97261872947428,40.73791467680072],[-73.97261242656481,40.73789787206914],[-73.97260457307706,40.73782227257311],[-73.97261404225631,40.73779827633331],[-73.97260621196618,40.7376662775704],[-73.97259038224705,40.736769654339696],[-73.9725829245612,40.73674468409097],[-73.9725797979852,40.73669068857419],[-73.97257525871015,40.736646508931564],[-73.97255622610943,40.73646148552757],[-73.97256333684302,40.736445881632086],[-73.97248994174741,40.73580328010764],[-73.9725101678601,40.73578712985965],[-73.97286939178447,40.73577086178816],[-73.97441385816532,40.73641439385902],[-73.97445975070453,40.736294019718386],[-73.97441677354779,40.736277726106835],[-73.97441154346602,40.736285279046825],[-73.97439952343285,40.73628408408977],[-73.97402692104305,40.73612576724554],[-73.97404679254475,40.73609992943208],[-73.97442932366866,40.73626063349148],[-73.97442775474427,40.73626619904146],[-73.97446647047282,40.736278456829936],[-73.97450376013232,40.7360645884441],[-73.97447471755295,40.736062380713044],[-73.9744408292407,40.73605047865185],[-73.97443372879933,40.73605371686957],[-73.97414062018385,40.73595565666481],[-73.97415127634757,40.735933793170716],[-73.97444722336739,40.736033473456615],[-73.97444828612812,40.73603779285919],[-73.97447828183064,40.73604418545113],[-73.97450488219891,40.73604228053658],[-73.97451459772584,40.735894598913845],[-73.9745079393817,40.73579694526982],[-73.97448854079066,40.73587567974383],[-73.97445077717819,40.73586912996672],[-73.9744623333545,40.73583114456824],[-73.9742498246836,40.7357971825226],[-73.97424630658287,40.73578011045588],[-73.97425866775502,40.73576626816387],[-73.97447040507865,40.735797872255155],[-73.9744696202371,40.73578786857445],[-73.97447775431213,40.73578786116349],[-73.97447154941685,40.73572722325536],[-73.97446537767351,40.73566688656631],[-73.97439223918202,40.73566753456827],[-73.97439185493194,40.73567194813471],[-73.97426375884297,40.735671474293284],[-73.97426474799423,40.73567587710944],[-73.97419233708442,40.73568012679817],[-73.97418956000165,40.73565991327192],[-73.97415747430519,40.73565784198281],[-73.97414616457407,40.735671621007675],[-73.9740928793795,40.735640725028844],[-73.97409007994668,40.73564465423451],[-73.97341869582557,40.73536773730021],[-73.97343881801855,40.73534121731153],[-73.97328030291011,40.735273364925526],[-73.97305698712073,40.73517745291299],[-73.97280661710455,40.735523918521174],[-73.97293673907613,40.73559924929955],[-73.97293031926421,40.73560761489933],[-73.97276308380349,40.73550508747358],[-73.97299695202474,40.73518650689117],[-73.9729639526812,40.73516906567477],[-73.97293185609784,40.73520531236905],[-73.97288512790851,40.73518020390174],[-73.97286403050055,40.73521226751771],[-73.97283745943471,40.73519971620192],[-73.97294520758656,40.735065170573726],[-73.97296719785808,40.73507843026431],[-73.97294519031807,40.73510770051313],[-73.97299560236603,40.7351279374806],[-73.97297083569535,40.73515721697116],[-73.97300291199286,40.73517255953273],[-73.97303684713732,40.73512794714502],[-73.97329895046123,40.735242355077126],[-73.97332187458139,40.735201919167444],[-73.97331638345146,40.735196342782096],[-73.97329897672407,40.73517681638624],[-73.97327881634085,40.73514752741438],[-73.97327241144029,40.735118934354105],[-73.97327700851466,40.73507919579841],[-73.97329627296868,40.73504085714502],[-73.97332929043593,40.735010877391744],[-73.97336870942664,40.73498927476271],[-73.97341821248345,40.73497115816113],[-73.9734594591502,40.73496837685123],[-73.97352270834288,40.73497536084697],[-73.97354472795836,40.7349443266039],[-73.97444064950444,40.73531677190028],[-73.9746719303936,40.735398303178414],[-73.97474900502543,40.73542518849995],[-73.97482618516185,40.735381674150524],[-73.97489304987108,40.73537519743263],[-73.97495992910359,40.73536871900383],[-73.9750736174147,40.73536962854271],[-73.97522019107778,40.735413262788875],[-73.97589093627813,40.735673198821395],[-73.97636373273296,40.73586797780813],[-73.97712441142457,40.73619679802763],[-73.97799812769105,40.73657446680087],[-73.97833820564574,40.736721471044376],[-73.97854094493694,40.73688765936021],[-73.97805226409511,40.73755395365608],[-73.97891574394424,40.737917659664326],[-73.97949062548723,40.738159793045895],[-73.98042358439349,40.73855308790642],[-73.98066600341517,40.738654627060825],[-73.9807600536709,40.73869454876724],[-73.98180819557211,40.73913626953183],[-73.98219046759937,40.739297369359264],[-73.98266759791014,40.739498439778075],[-73.98221134367073,40.74011453513642],[-73.98176150669184,40.74073311255931],[-73.98131180297916,40.741350924609385],[-73.98085965324293,40.74196976808185],[-73.9824552073039,40.742646960084826],[-73.98400851958684,40.74329901890517],[-73.98407485194069,40.74332471841655],[-73.98362519896217,40.74394311456518],[-73.98317411809388,40.74456031138676],[-73.98272686388883,40.74518041538551],[-73.98227872656385,40.74579756296614],[-73.98183365015736,40.74641659155732],[-73.98134068661598,40.74707866368243],[-73.98085054350298,40.74775037037811],[-73.98040408822273,40.74836652097956],[-73.9799553144933,40.74898589996813],[-73.97950369288853,40.74960334490428],[-73.97905508131984,40.75021854388171],[-73.9786072406806,40.750842485393946],[-73.97855531729029,40.750913965988815],[-73.97815316973644,40.75145174780738],[-73.97806635527856,40.75157218071225],[-73.97767660455372,40.75211893738088],[-73.97754284922765,40.752063556416125],[-73.97710781072453,40.75188340656452],[-73.9768515231549,40.75177649415392],[-73.97651587058667,40.75163647208559],[-73.97604824796775,40.751441393877926]]]]},"properties":{"shape_area":"15771152.0705","ntaname":"Murray Hill-Kips Bay","cdtaname":"MN06 East Midtown-Murray Hill (CD 6 Approximation)","shape_leng":"26035.9635891","boroname":"Manhattan","ntatype":"0","nta2020":"MN0603","borocode":"1","countyfips":"061","ntaabbrev":"MryHl_KpBy","cdta2020":"MN06"}},{"type":"Feature","geometry":{"type":"MultiPolygon","coordinates":[[[[-73.9590368100845,40.75838378260454],[-73.95893448513704,40.75833515544848],[-73.95875669779095,40.75858870305398],[-73.95871908094715,40.75864023311571],[-73.9586070480626,40.75859385943563],[-73.9584911945351,40.75854590383018],[-73.95854329679052,40.758495622935875],[-73.9587779082272,40.758270920346256],[-73.959070030312,40.757939098020316],[-73.95917264248828,40.75786478039404],[-73.95918103219987,40.75785611105229],[-73.95965770810528,40.75726014562561],[-73.95966400300077,40.75721141268953],[-73.96003900990581,40.756725350741505],[-73.96036455140813,40.75626941113343],[-73.96065638180474,40.75592314955021],[-73.96079709914974,40.7558047727407],[-73.96079722985938,40.75580465585202],[-73.96102790867143,40.75561058508171],[-73.96162927534907,40.7551523842592],[-73.9621355905812,40.75457323097074],[-73.96219381838414,40.75450431515331],[-73.96223125165551,40.754522130924514],[-73.96268703046536,40.754004373286655],[-73.96289729202535,40.75376551709437],[-73.96286896769232,40.753742509156965],[-73.96316073983623,40.753412207830536],[-73.96373572283164,40.75278377577703],[-73.96470952686867,40.75171941559795],[-73.96476808867534,40.75179144745598],[-73.96482162836561,40.751899414270106],[-73.96486224877103,40.75201110205942],[-73.96505548554134,40.7518125818054],[-73.96521537047954,40.75180846080995],[-73.96523050619517,40.75185714678101],[-73.96515081557104,40.75192385134841],[-73.96523658169953,40.751943533600695],[-73.96531268220531,40.75193682752288],[-73.96532479543205,40.751937191853635],[-73.96541528541681,40.75194995958356],[-73.96688157039804,40.752544556854026],[-73.96701854936906,40.75260074318277],[-73.96706733798209,40.752620676324476],[-73.96710437028217,40.7526363824219],[-73.96722654996019,40.75268822384273],[-73.96737626745583,40.752482041436934],[-73.96766358439481,40.752088425825384],[-73.96769834585137,40.75204080322761],[-73.96779702325908,40.75171705389265],[-73.96777705473676,40.75162597108262],[-73.96797381531339,40.75136572611408],[-73.96842681180952,40.75076366842826],[-73.96890797166554,40.750112443750176],[-73.96895616037153,40.750131243460906],[-73.97126234383126,40.751122241299434],[-73.9735025572896,40.7520649326576],[-73.97395914661114,40.75144102177988],[-73.97444451493509,40.75076469299474],[-73.97604824796775,40.751441393877926],[-73.97651587058667,40.75163647208559],[-73.9768515231549,40.75177649415392],[-73.97710781072453,40.75188340656452],[-73.97754284922765,40.752063556416125],[-73.97767660455372,40.75211893738088],[-73.97779152070278,40.75216759592662],[-73.97834876975251,40.75241013014173],[-73.97787494174452,40.75309839238355],[-73.97743259092798,40.75371708824091],[-73.97697378975926,40.7543486755455],[-73.9765156935802,40.75497426334499],[-73.97589877608897,40.75471422269558],[-73.97580739271987,40.75467727461156],[-73.97534377802096,40.75529969518157],[-73.97488727120451,40.75592379114335],[-73.97443866251292,40.75655630684858],[-73.97398183130215,40.75717975909086],[-73.97352419545784,40.75780844128402],[-73.97306851888699,40.75843149419625],[-73.9726127135234,40.7590593084844],[-73.972155953999,40.75968124035707],[-73.97169609148763,40.76031266144966],[-73.97124277152885,40.76093641898133],[-73.97075063816683,40.76160870175022],[-73.97025814636969,40.76228875261025],[-73.96980028759536,40.76291351263008],[-73.96968801010533,40.76286596344548],[-73.9681868771548,40.76222682132573],[-73.96658338334092,40.76155093607895],[-73.96431353499125,40.76059923135022],[-73.96355618844021,40.76028081858193],[-73.96308073462676,40.76008316424266],[-73.96196573611596,40.759619461288075],[-73.95972180286464,40.758663063681155],[-73.9590368100845,40.75838378260454]]]]},"properties":{"shape_area":"13138094.9645","ntaname":"East Midtown-Turtle Bay","cdtaname":"MN06 East Midtown-Murray Hill (CD 6 Approximation)","shape_leng":"16668.7861558","boroname":"Manhattan","ntatype":"0","nta2020":"MN0604","borocode":"1","countyfips":"061","ntaabbrev":"EstMdtwn","cdta2020":"MN06"}},{"type":"Feature","geometry":{"type":"MultiPolygon","coordinates":[[[[-73.964212303957,40.746604317974125],[-73.9642736475242,40.74654184505507],[-73.96433729322388,40.7465457265932],[-73.96437765272137,40.74649508803849],[-73.96444522664525,40.746410425260365],[-73.96458318338807,40.74645440134323],[-73.96458702311307,40.74651589854437],[-73.96454518104473,40.74656415047269],[-73.96447543657666,40.74664083370045],[-73.96437443772194,40.74670453064311],[-73.96433758605676,40.746734848181205],[-73.96427256202226,40.74675130758155],[-73.9642161661628,40.74683700083084],[-73.96415980288437,40.74686554735958],[-73.96412514486158,40.74684576060535],[-73.96413382933486,40.74681279616544],[-73.96421192462753,40.74666667680306],[-73.964212303957,40.746604317974125]]],[[[-73.96532479543205,40.751937191853635],[-73.96531268220531,40.75193682752288],[-73.96523658169953,40.751943533600695],[-73.96515081557104,40.75192385134841],[-73.96523050619517,40.75185714678101],[-73.96521537047954,40.75180846080995],[-73.96505548554134,40.7518125818054],[-73.96486224877103,40.75201110205942],[-73.96482162836561,40.751899414270106],[-73.96476808867534,40.75179144745598],[-73.96470952764003,40.7517194150956],[-73.96494444755467,40.751462643216996],[-73.96532405586466,40.75104771827209],[-73.96791272906268,40.747970935641966],[-73.96797654536046,40.74800492083956],[-73.96804637794249,40.748038996459655],[-73.96812137126072,40.748076371720785],[-73.96819585983536,40.74810394684822],[-73.9682953485235,40.748196573187876],[-73.96846164115897,40.74829237930523],[-73.9696663891406,40.748789278362935],[-73.96974960064186,40.74882682425992],[-73.9698450138527,40.748800653383555],[-73.96989975474928,40.748826908159],[-73.96998692011056,40.74886871410204],[-73.96993994085602,40.748908180223616],[-73.96964244432957,40.74915807397896],[-73.96954460583608,40.74920504593256],[-73.96932031369863,40.74951697534528],[-73.96890797166554,40.750112443750176],[-73.96842681180952,40.75076366842826],[-73.96797381531339,40.75136572611408],[-73.96777705473676,40.75162597108262],[-73.96779702325908,40.75171705389265],[-73.96769834585137,40.75204080322761],[-73.96766358439481,40.752088425825384],[-73.96737626745583,40.752482041436934],[-73.96722654996019,40.75268822384273],[-73.96710437028217,40.7526363824219],[-73.96706733798209,40.752620676324476],[-73.96701854936906,40.75260074318277],[-73.96688157039804,40.752544556854026],[-73.96541528541681,40.75194995958356],[-73.96532479543205,40.751937191853635]]]]},"properties":{"shape_area":"1091249.94041","ntaname":"United Nations","cdtaname":"MN06 East Midtown-Murray Hill (CD 6 Approximation)","shape_leng":"5307.39139215","boroname":"Manhattan","ntatype":"6","nta2020":"MN0661","borocode":"1","countyfips":"061","ntaabbrev":"UN","cdta2020":"MN06"}},{"type":"Feature","geometry":{"type":"MultiPolygon","coordinates":[[[[-73.9750011183182,40.777527779916426],[-73.97545932367622,40.77689872272661],[-73.97595517295001,40.776219755128764],[-73.9764577724561,40.77553253775425],[-73.97691168226277,40.774909124027076],[-73.97737084838785,40.77428100771621],[-73.97782639298833,40.77365619242433],[-73.97828220014141,40.77303187940809],[-73.97872246726007,40.77241889878766],[-73.97919214357707,40.77178126600111],[-73.97965233314095,40.771155327542495],[-73.98011181473568,40.77052836934838],[-73.98056370600727,40.769905325236],[-73.98102289962164,40.769272834229724],[-73.98167943551228,40.76839013160619],[-73.98163149424343,40.76836792876211],[-73.98158722628567,40.76834168467592],[-73.98154721809706,40.7683117470297],[-73.98151200007102,40.76827851226233],[-73.98148203841923,40.768242420876675],[-73.981457730063,40.768203951008914],[-73.98144254367755,40.768163970188056],[-73.98143283466639,40.768123015487234],[-73.98142870556221,40.76808151945472],[-73.98143019996463,40.76803992035545],[-73.98143730204836,40.76799865756542],[-73.9814499368221,40.76795816685898],[-73.98146797083325,40.76791887588062],[-73.98149121360557,40.76788119960336],[-73.9815281835339,40.76784224009822],[-73.98157120873722,40.767807057094345],[-73.98161962820227,40.76777619111452],[-73.9816726976898,40.76775011653011],[-73.98172960220695,40.7677292337238],[-73.98178946751976,40.76771386352089],[-73.98184374318448,40.76770720587577],[-73.98189866234213,40.76770528045794],[-73.98195351354983,40.76770811220975],[-73.9820075863293,40.76771566357676],[-73.98206018025483,40.76772783759082],[-73.98211061400887,40.76774447654621],[-73.98236353955835,40.76738807417324],[-73.98410142331296,40.76812416182497],[-73.98521720261179,40.76859463045786],[-73.98806289548571,40.76979080028796],[-73.99042938715506,40.77078465473395],[-73.99059644681434,40.770854810282394],[-73.9906691839986,40.77088535309567],[-73.99091307486894,40.77098775903554],[-73.993656061224,40.7721459629036],[-73.99378189746184,40.772199091447625],[-73.99341683117026,40.77270460314062],[-73.99333032870989,40.772824374741376],[-73.99332519689008,40.77283148004006],[-73.99341045387395,40.77287889534567],[-73.99359086248553,40.772790080296545],[-73.99372534620399,40.772864199490456],[-73.99378736933701,40.77290384676533],[-73.99383108136979,40.772931788353254],[-73.99388754370234,40.772955744666426],[-73.99389125243694,40.77295519537937],[-73.99396258551452,40.77294465441154],[-73.99401262326245,40.772882846631894],[-73.99412205808233,40.772924058523486],[-73.99413665258845,40.77290187017432],[-73.99430134084847,40.77297002916646],[-73.99428153513446,40.772993801566784],[-73.99437655186944,40.773039551603986],[-73.9943186333649,40.77312144027019],[-73.99429402894232,40.77315624449439],[-73.9950232758608,40.77348119657622],[-73.99507108796963,40.773414138665856],[-73.99508939101129,40.77338847503914],[-73.99501396283533,40.77335803492439],[-73.99505028469918,40.773297153189894],[-73.99624065101737,40.773789791900285],[-73.9961958361488,40.7738523561841],[-73.99610846748615,40.77381631651769],[-73.99610778143,40.7738173776011],[-73.99606316808172,40.7738868866101],[-73.99612697685565,40.77391335462083],[-73.99612850482777,40.773913985405756],[-73.99612636007996,40.77391671415679],[-73.99609880670857,40.77395180580169],[-73.99611835102765,40.77396032446403],[-73.99617945931261,40.773986954854145],[-73.9960952439039,40.774086186940224],[-73.9960512527533,40.77406889580324],[-73.9955722651611,40.773870731896935],[-73.993936941822,40.773179510966955],[-73.99386295329134,40.773269528569735],[-73.99382334505351,40.773381766882736],[-73.99376791399207,40.77348399400527],[-73.99369930927809,40.77356215165301],[-73.99362279521314,40.77363229021245],[-73.99352782764122,40.77371444646865],[-73.99344341917192,40.77377055018092],[-73.99341175671502,40.773802612926524],[-73.99335894150738,40.773926880657285],[-73.9926226638654,40.774974056539534],[-73.99257784276604,40.774956016359475],[-73.9925277439515,40.77500211043988],[-73.99246974581519,40.77502416005439],[-73.99240383719177,40.7750181403907],[-73.99226708903534,40.77511603385864],[-73.99205908493721,40.77549759819233],[-73.99212537239482,40.77550907505339],[-73.99222686779683,40.77548221152875],[-73.9923293466088,40.775468900958586],[-73.99236175680107,40.77550189976672],[-73.99238604296035,40.77555717941956],[-73.99208768471259,40.77598397132401],[-73.9920187799106,40.77607334123802],[-73.99142953190218,40.77687956004278],[-73.99092717414973,40.777566878763004],[-73.99073041339486,40.77756054974001],[-73.99039616003645,40.77758506567913],[-73.99010126597655,40.777996457516686],[-73.9896488729282,40.778627560009056],[-73.9892009588643,40.779252398651636],[-73.98920068089923,40.77925278627932],[-73.98917577843805,40.77928752351324],[-73.98908519478589,40.77940759715948],[-73.98886861739992,40.77969292291146],[-73.98887187449985,40.77971373775046],[-73.98921902288056,40.77969789520946],[-73.989277858383,40.77972343927103],[-73.98940905418,40.77973770697458],[-73.98949861492692,40.77972504438984],[-73.98959649338819,40.77969814618084],[-73.98967981290251,40.77967756815554],[-73.98975270293793,40.779671244211585],[-73.98984224780634,40.77968075267075],[-73.98994430227155,40.77969659226609],[-73.99004010212067,40.77970767669316],[-73.99013797752488,40.77969976970482],[-73.99022336845637,40.77968236121125],[-73.99033584033211,40.779661794395025],[-73.99043059869706,40.779664972050426],[-73.99050764615511,40.77966813912389],[-73.99062219939681,40.77967606390926],[-73.99074506950537,40.77967132818409],[-73.9908721142822,40.77964600714138],[-73.9909616722243,40.77963968375179],[-73.99105747282948,40.779652352123215],[-73.99115742949704,40.77966977560649],[-73.99124281740438,40.77967136708455],[-73.99125531828973,40.779650782516555],[-73.99129488711995,40.77963020920891],[-73.99132196764978,40.77963179604147],[-73.99135945556937,40.77958588233227],[-73.99155105922753,40.779574820432266],[-73.99141982585954,40.77975528028712],[-73.98888614411685,40.7798788985328],[-73.98893965670626,40.77995617844044],[-73.98892610353073,40.78005929201368],[-73.98891168026452,40.78009603714666],[-73.98891166067365,40.78012236576513],[-73.98891926146824,40.78022609484627],[-73.98838105020263,40.780981074045904],[-73.98823241384693,40.78123314421562],[-73.98821042083155,40.78122548304472],[-73.98814418069283,40.78136567182979],[-73.98813788174459,40.78137928177662],[-73.98812746069495,40.78140179694481],[-73.9879936306824,40.78134281785019],[-73.98746219768844,40.78110861009814],[-73.9874143255822,40.781087511597605],[-73.98736363895011,40.7810628051104],[-73.98730772788198,40.781041303287765],[-73.98707137399502,40.78090638259739],[-73.98654378885695,40.78065798079104],[-73.986488532618,40.78063590554179],[-73.9856793602949,40.780312633334894],[-73.98536952545112,40.7810783733676],[-73.98507184256836,40.78177968147175],[-73.9835260137889,40.781130011022626],[-73.9823419491434,40.78063043442337],[-73.98186936677016,40.78043090167348],[-73.9816278729492,40.780328935472276],[-73.9815191128119,40.78028175751614],[-73.98140948669939,40.78023541861935],[-73.98067365278773,40.779925182487275],[-73.97944815819352,40.77940990983251],[-73.97926136519479,40.77933136760826],[-73.97783301572865,40.778730722534085],[-73.9750011183182,40.777527779916426]]]]},"properties":{"shape_area":"15797449.5649","ntaname":"Upper West Side-Lincoln Square","cdtaname":"MN07 Upper West Side (CD 7 Approximation)","shape_leng":"19952.4206278","boroname":"Manhattan","ntatype":"0","nta2020":"MN0701","borocode":"1","countyfips":"061","ntaabbrev":"UWS_LclnSq","cdta2020":"MN07"}},{"type":"Feature","geometry":{"type":"MultiPolygon","coordinates":[[[[-73.96417598455193,40.792362045027566],[-73.96468540607225,40.79166402679846],[-73.96517705432885,40.790990341099175],[-73.96562799450462,40.79036611763137],[-73.96609500484251,40.789734390269],[-73.96655226678882,40.789107153495664],[-73.96700976919085,40.78847679124436],[-73.96744908284967,40.787860721092834],[-73.9679269620018,40.787221571125635],[-73.96838479313631,40.78659569719409],[-73.96885036817855,40.78597405298805],[-73.96908608547696,40.785639696414265],[-73.96910950437494,40.7856032812021],[-73.96933573164641,40.785293280059264],[-73.96983225490668,40.78461091125618],[-73.97030068162124,40.78397541394852],[-73.97076013028558,40.78334013755343],[-73.97122292220932,40.782706256090044],[-73.97172305555839,40.78202147646227],[-73.97357117357147,40.7794778622911],[-73.97406668103346,40.77880541739134],[-73.97429294708233,40.778497989455936],[-73.97453231356181,40.77816778502544],[-73.974754240142,40.777864693099524],[-73.9750011183183,40.777527779916426],[-73.97783301572876,40.77873072253405],[-73.97926136519479,40.77933136760826],[-73.97944815819352,40.77940990983251],[-73.98067365278779,40.77992518248724],[-73.9814094866995,40.78023541861935],[-73.98151911281197,40.78028175751614],[-73.9816278729492,40.780328935472276],[-73.98186936677027,40.78043090167348],[-73.9823419491434,40.78063043442337],[-73.98352601378895,40.781130011022626],[-73.98507184256847,40.7817796814717],[-73.98536952545118,40.7810783733676],[-73.9856793602949,40.78031263333486],[-73.986488532618,40.78063590554179],[-73.98654378885689,40.78065798079104],[-73.9870713739951,40.78090638259739],[-73.98730772788198,40.781041303287765],[-73.98736363895021,40.7810628051104],[-73.98741432558231,40.781087511597555],[-73.9874621976886,40.78110861009814],[-73.9879936306824,40.781342817850145],[-73.98812746036442,40.781401797447366],[-73.98804128806735,40.78158596034866],[-73.98810029382462,40.781602878305314],[-73.98807644914505,40.781650935001664],[-73.98801805997222,40.78163418881048],[-73.98796079284213,40.78177098703157],[-73.98791968459248,40.78183347771326],[-73.98787728725019,40.781892050832205],[-73.98647480368594,40.783916573718756],[-73.98625187003545,40.78423876424547],[-73.98611372725306,40.78443891137482],[-73.98561580396368,40.785141862595076],[-73.98546581197026,40.78536070057549],[-73.98617270496534,40.78606845276131],[-73.98645586240188,40.78591921958403],[-73.98707234561569,40.785189638317576],[-73.98711901394275,40.78521031799898],[-73.98649778102349,40.78595120338987],[-73.98616462880626,40.78612188244835],[-73.98612842248589,40.78623900133117],[-73.98607113521973,40.78624070602663],[-73.98602727478912,40.78622896423677],[-73.9860976378493,40.78605822620055],[-73.98542932126942,40.78541394218466],[-73.98508113773205,40.785921935110494],[-73.98519883325449,40.7859665521978],[-73.98517050238989,40.7860133341582],[-73.98521621867376,40.78603050131388],[-73.9852550979798,40.7859762060142],[-73.98524273937667,40.78597257164822],[-73.98524962933016,40.78596313985589],[-73.98528177918674,40.7859786209501],[-73.98524003288452,40.78603585813683],[-73.98568388524217,40.78622212391972],[-73.98571752834334,40.786175994668746],[-73.98576566029752,40.78619627485866],[-73.98568287192252,40.786309786213174],[-73.98563627093064,40.78629014964417],[-73.98567072256466,40.786242911993845],[-73.98561523764425,40.786219646217894],[-73.98520511880025,40.786047669715394],[-73.98521103560748,40.786039554883715],[-73.9851626399472,40.78602099876465],[-73.98513163631205,40.78606029702001],[-73.98501696406495,40.78601423719567],[-73.98493597820354,40.78613072065104],[-73.98465507883012,40.78653474231058],[-73.98574378790113,40.78657008235219],[-73.98589227228327,40.786426529019614],[-73.98594285433376,40.7864528478803],[-73.9859495615568,40.786487112961396],[-73.98581237352651,40.78661686535713],[-73.98513520970337,40.78658761789037],[-73.98461942858398,40.786586016852446],[-73.98369521623653,40.787915281815316],[-73.98234664147564,40.78985478077269],[-73.98188645946561,40.790516579929985],[-73.98139174468567,40.791228245502595],[-73.98128937370952,40.791375509433074],[-73.9809470835408,40.791867893279985],[-73.980537679464,40.792456812625026],[-73.98043434255989,40.79259428359936],[-73.98013222578663,40.792993765383194],[-73.98004684398002,40.79311352516396],[-73.9792882208298,40.794177632163354],[-73.97828949086626,40.795586760460814],[-73.97779475437075,40.79628462977181],[-73.97685207845194,40.79763134839322],[-73.9763995193054,40.79827321119514],[-73.97635598023365,40.79825402100772],[-73.97584048765881,40.7980288584944],[-73.97559453380583,40.7979300777258],[-73.97549419363874,40.797888552310916],[-73.97539813964339,40.79784774355718],[-73.97523065689226,40.79777973010451],[-73.97507069937068,40.79771335006305],[-73.97413148043796,40.79734378887659],[-73.97365145266349,40.79714831861912],[-73.97225661671395,40.79656086537669],[-73.97093073123413,40.79600104819097],[-73.97082734180017,40.795958599558716],[-73.97073269548645,40.795919170010684],[-73.96941543722124,40.795360779074215],[-73.96987063171011,40.79473520505699],[-73.96856488090994,40.79419635294025],[-73.96701559079894,40.793556967201596],[-73.96644741035597,40.793314955200685],[-73.96543410377306,40.79287668686656],[-73.96417598455193,40.792362045027566]]]]},"properties":{"shape_area":"25410668.9385","ntaname":"Upper West Side (Central)","cdtaname":"MN07 Upper West Side (CD 7 Approximation)","shape_leng":"24906.0097087","boroname":"Manhattan","ntatype":"0","nta2020":"MN0702","borocode":"1","countyfips":"061","ntaabbrev":"UWS_C","cdta2020":"MN07"}},{"type":"Feature","geometry":{"type":"MultiPolygon","coordinates":[[[[-73.95964685334928,40.8011564237588],[-73.95883381257524,40.80081750560479],[-73.95848111409947,40.800670478591016],[-73.95817296971535,40.80058254195948],[-73.958333048684,40.800365054515964],[-73.95861879190555,40.79997702615433],[-73.95907669072292,40.7993522339277],[-73.95953658802027,40.79871852602298],[-73.9600301843706,40.7980381083995],[-73.96052271603398,40.79736846946221],[-73.9607478502416,40.7970559766603],[-73.96097971719733,40.79673864454766],[-73.96144060655695,40.79611082768656],[-73.96189985306606,40.79547927056327],[-73.96235979996321,40.79485206123034],[-73.96282149737695,40.794237236193865],[-73.96297579396449,40.79401618149613],[-73.96307930960458,40.79386787733287],[-73.96321832612621,40.79367857394805],[-73.96371100568115,40.793009029049706],[-73.96380600911218,40.792879901808],[-73.96417598455193,40.792362045027566],[-73.96543410377306,40.79287668686656],[-73.9664474103559,40.793314955200685],[-73.96701559079894,40.79355696720163],[-73.96856488090998,40.794196352940276],[-73.96987063171011,40.79473520505699],[-73.96941543722113,40.79536077907425],[-73.97073269548628,40.795919170010684],[-73.97082734180017,40.795958599558716],[-73.97093073123413,40.796001048191016],[-73.97225661671389,40.79656086537669],[-73.97365145266343,40.79714831861912],[-73.97413148043786,40.79734378887659],[-73.97507069937068,40.79771335006305],[-73.97523065689226,40.797779730104544],[-73.97539813964329,40.79784774355718],[-73.97549419363874,40.797888552310965],[-73.97559453380573,40.7979300777258],[-73.97584048765872,40.79802885849444],[-73.9763559802336,40.79825402100772],[-73.97639951930529,40.79827321119517],[-73.97628527884225,40.79843523591272],[-73.97583055785243,40.799092280410754],[-73.97578169321191,40.799156256780364],[-73.97579140130166,40.79920962838885],[-73.97576219486481,40.799260173549364],[-73.97554385822002,40.799528250637366],[-73.97526783234434,40.79993285003438],[-73.97508668067861,40.80018953413565],[-73.97496436808174,40.80036963419393],[-73.97483924435984,40.800558243765266],[-73.97466556722719,40.8008135147342],[-73.9744872252097,40.80105742889686],[-73.97414361823463,40.80151689534123],[-73.97394098366715,40.80180902536151],[-73.97389989052456,40.80188986353127],[-73.97377477245989,40.80204584645117],[-73.97372060455749,40.80216781578289],[-73.97361322463918,40.80229685938467],[-73.97354227655421,40.80235641125023],[-73.9733667106777,40.802630113849126],[-73.97320518045738,40.80283005827633],[-73.97312859120973,40.80297471601125],[-73.97307070537917,40.80305554895004],[-73.97303522835914,40.80307397424441],[-73.97292317001957,40.80324982284392],[-73.97286807262148,40.803320734176076],[-73.9728717908154,40.803356187142754],[-73.97255429829619,40.80379863465017],[-73.97217237241772,40.80431907746172],[-73.97205095521862,40.80453037601011],[-73.9719529243853,40.804619709051615],[-73.9718184948358,40.804717542199384],[-73.97179980150722,40.80478561598866],[-73.97171200727084,40.80493169127657],[-73.97162049569299,40.80504229490199],[-73.97161113391445,40.80509618747438],[-73.97144210961488,40.805334427342395],[-73.9712908330033,40.8055287075333],[-73.97110765808215,40.80579013942533],[-73.97098767871225,40.805742902928884],[-73.97084148354809,40.8056853437599],[-73.97076362300699,40.80565737287974],[-73.97069326385139,40.80563026895156],[-73.96978721849004,40.805300497384266],[-73.96860707273827,40.804870949897825],[-73.96855913351779,40.8048535841202],[-73.96849506637912,40.80483227088674],[-73.96804849260943,40.80468370013349],[-73.96680327257117,40.80420756162358],[-73.96670106824132,40.804168477439575],[-73.96659750376655,40.8041236771614],[-73.96617495045246,40.80394550580626],[-73.96603501450645,40.803886498631186],[-73.96556498572275,40.80368860225041],[-73.96542640500678,40.80363031827797],[-73.96434277616534,40.803174561404504],[-73.96386126202978,40.80297203835316],[-73.96107793869854,40.80180035772],[-73.95964685334928,40.8011564237588]]]]},"properties":{"shape_area":"13200450.2886","ntaname":"Upper West Side-Manhattan Valley","cdtaname":"MN07 Upper West Side (CD 7 Approximation)","shape_leng":"14867.8730441","boroname":"Manhattan","ntatype":"0","nta2020":"MN0703","borocode":"1","countyfips":"061","ntaabbrev":"UWS_MnVly","cdta2020":"MN07"}},{"type":"Feature","geometry":{"type":"MultiPolygon","coordinates":[[[[-73.95763576836265,40.74840634746497],[-73.957493440047,40.748336464762964],[-73.95751889188831,40.748303619591795],[-73.95766680471932,40.7483734795215],[-73.9577265433443,40.748294062398344],[-73.95783953942082,40.74833800287272],[-73.95768831843425,40.74853502687168],[-73.95757650467826,40.74848852537835],[-73.95763576836265,40.74840634746497]]],[[[-73.9355679704974,40.77191877803617],[-73.93565635283767,40.77175639643511],[-73.93552163065269,40.77171629406092],[-73.93556621751351,40.77162911639165],[-73.93585195294797,40.771716001490105],[-73.93580987642515,40.77179936862182],[-73.935698338885,40.77176690312402],[-73.93560853449766,40.77193127768456],[-73.9355679704974,40.77191877803617]]],[[[-73.94180032729415,40.76904692662477],[-73.9425680614214,40.768505905731594],[-73.94285528620647,40.76830349491192],[-73.94321923520103,40.767892643853216],[-73.94381427322762,40.7672209120499],[-73.94422343089231,40.76666497788989],[-73.9448402665221,40.765823628390876],[-73.94623787959823,40.764285014549806],[-73.94657165080055,40.763917558260964],[-73.94662141408685,40.76386277208102],[-73.94682460228425,40.7636176327319],[-73.94708876929518,40.76329892108683],[-73.94788268389203,40.76236569759206],[-73.9479297966422,40.762310316259814],[-73.94832459591146,40.76184623000152],[-73.9487778940647,40.76131457086516],[-73.94914738541911,40.76088121598919],[-73.94943175563233,40.76054861685895],[-73.94971226700011,40.760328917384804],[-73.95008262637674,40.760047470463334],[-73.95033358814476,40.759856755553635],[-73.95126005908729,40.75881011687436],[-73.95148626283107,40.75866645484938],[-73.95171190411013,40.758462494201396],[-73.95177822026001,40.75840254987701],[-73.95209233022592,40.757993140847454],[-73.95217663423729,40.757831335937425],[-73.95221146342024,40.75758364033555],[-73.9525407933683,40.75709531503987],[-73.95312156546179,40.75652380482713],[-73.95322009963193,40.75642684131513],[-73.95326888611034,40.756381043600754],[-73.95330696035853,40.75634432712754],[-73.9533455646292,40.7563113751649],[-73.95340583052024,40.75625853137471],[-73.95409527736325,40.75565492844284],[-73.95507326928144,40.754798682554814],[-73.95519503117477,40.75477452347596],[-73.95579415237687,40.754161547911316],[-73.95692404304639,40.7529611598912],[-73.95721003531281,40.75271535683165],[-73.95791452493181,40.75210985452536],[-73.95860755756419,40.75161332398701],[-73.95868495443514,40.7515737774218],[-73.95903248609443,40.75138642277128],[-73.95902757442518,40.7512973693484],[-73.95955875930795,40.75081459776201],[-73.95990187081902,40.750558514851086],[-73.96039170572524,40.750256186117355],[-73.96081286928457,40.74990061643634],[-73.96083011436723,40.74988767803407],[-73.96084435960309,40.74987277712365],[-73.9608552248949,40.74985631130001],[-73.960877620581,40.749827570606854],[-73.96090586294001,40.74980198161002],[-73.96093920034158,40.74978022531856],[-73.96095994786542,40.7497664126376],[-73.96098341644816,40.74975540331172],[-73.96100895814449,40.7497475012973],[-73.96103586777383,40.749742924760824],[-73.96106340238876,40.749741800055816],[-73.96109080178704,40.74974415823424],[-73.96111730949931,40.7497499341892],[-73.96114219367479,40.749758968452525],[-73.96116476728584,40.7497710115974],[-73.9613284548104,40.749600957624516],[-73.96153855376349,40.749723119840226],[-73.96138656105296,40.74988050333831],[-73.96139259291834,40.74988503694181],[-73.96139836760211,40.749889759930916],[-73.96140909763824,40.7498997460729],[-73.96141403471782,40.7499049902894],[-73.96142952767431,40.749925469173654],[-73.96144065024512,40.74994752952233],[-73.96144713248013,40.749970635928584],[-73.96144426998414,40.74998853375818],[-73.96143797721972,40.75000591677101],[-73.96142839105293,40.75002240688281],[-73.96141571998278,40.750037645429906],[-73.96140023960616,40.750051300970355],[-73.96138044658358,40.750063516341804],[-73.9613634008892,40.75007792985022],[-73.96134951969924,40.750094188741336],[-73.96111060053765,40.75060046990044],[-73.96068557870034,40.75120193747028],[-73.96001132329779,40.75183151783744],[-73.95989061758648,40.75209747812528],[-73.95957156451576,40.752804716402245],[-73.95950079929003,40.75295638219554],[-73.95901616627437,40.75359506046],[-73.95892671032833,40.75356249236117],[-73.9584583680566,40.75394923650495],[-73.95768072771942,40.75482196116539],[-73.95689476871853,40.75570399582617],[-73.95646348773006,40.756187982545676],[-73.95598563410057,40.756724225305184],[-73.95565513098005,40.757095106228164],[-73.95559286207379,40.75722280017336],[-73.95556724634356,40.75725766668581],[-73.95553464377002,40.75729603497097],[-73.95550425524475,40.75733345607262],[-73.95544904085207,40.75739555603389],[-73.95534193752171,40.75752113506548],[-73.95499406068491,40.75792901915488],[-73.95390795119135,40.759200874850784],[-73.95384294876453,40.75923894538782],[-73.95378145676348,40.75932308273098],[-73.95374760519333,40.7593639384283],[-73.95366241810737,40.75947973361095],[-73.95361272256534,40.759502149014224],[-73.95332321617957,40.759745964184894],[-73.95339140733908,40.759796762860354],[-73.95312451504951,40.76005275842957],[-73.95297788216074,40.75996210787692],[-73.95248457912025,40.76046011051536],[-73.95208632266538,40.760862154404904],[-73.95187667298384,40.76124558279808],[-73.95162504907874,40.76167886360555],[-73.95097191594407,40.7624945075076],[-73.95093734928082,40.76257049523785],[-73.95073068782692,40.76275822543385],[-73.95037548074438,40.76317384507794],[-73.9499719168419,40.76364602981424],[-73.94920376022783,40.76426964383284],[-73.94908628791565,40.76426402727501],[-73.94881315316434,40.76461075396619],[-73.94770109012747,40.7660223978278],[-73.94655273893149,40.76736820456154],[-73.94591458839497,40.768213939018395],[-73.94585112333084,40.76824775023559],[-73.9458445142377,40.768321228754004],[-73.94575361333548,40.76830167142708],[-73.94570357268704,40.76832793380893],[-73.9455965853587,40.76847086500517],[-73.94548114289283,40.76862477943783],[-73.9456272109344,40.76869295317895],[-73.9455630204878,40.76880177552455],[-73.94540491850032,40.76873217303859],[-73.9453820817897,40.76876320304788],[-73.94524510341354,40.768773268310404],[-73.94515704133364,40.769118317751314],[-73.9450906572797,40.76921372182028],[-73.94472353132527,40.76973405888362],[-73.94472478343205,40.769786271534166],[-73.9446729319523,40.769819968052985],[-73.94456161429414,40.769886395926974],[-73.94427006997454,40.770140535254434],[-73.94400423868233,40.77029398164789],[-73.9432041411417,40.77099240025123],[-73.94281710872087,40.77141086120445],[-73.94257830168748,40.77170185722047],[-73.94212674580714,40.77203470050912],[-73.9413699061019,40.77230915082711],[-73.94088707123443,40.77237251678078],[-73.94056957420564,40.77261475946678],[-73.94027460921212,40.772947437395615],[-73.94017959715906,40.77295931609653],[-73.94007665619392,40.77292618685988],[-73.94001157258303,40.77284236105519],[-73.94018451224508,40.772564906804185],[-73.94028207924185,40.772301406991254],[-73.94027766722304,40.771713142242156],[-73.94020021779653,40.77112830566277],[-73.9402287038903,40.770852262167026],[-73.94027985829325,40.770670711009814],[-73.94035533477506,40.77049657437112],[-73.94082605300332,40.76991215626302],[-73.9411177871802,40.769414408574676],[-73.94121934173008,40.769334343122374],[-73.94125975382558,40.769308879895306],[-73.94180032729415,40.76904692662477]]],[[[-73.9583537498379,40.75866662516276],[-73.95842620189605,40.75860387300689],[-73.95845501743884,40.75858090219754],[-73.9584911945351,40.75854590383018],[-73.9586070480626,40.75859385943563],[-73.95871908094715,40.75864023311571],[-73.95875669779095,40.75858870305398],[-73.95893448513704,40.75833515544848],[-73.9590368100845,40.75838378260454],[-73.95972180286464,40.758663063681155],[-73.96196573611596,40.759619461288075],[-73.96308073462676,40.76008316424266],[-73.96355618844021,40.76028081858193],[-73.96431353499125,40.76059923135022],[-73.96658338334092,40.76155093607895],[-73.9661274722962,40.76217929969549],[-73.96566959817785,40.76280455661411],[-73.96521327921789,40.763431359563306],[-73.96475544759753,40.76405707110187],[-73.96429790304761,40.76468198812288],[-73.96384291024998,40.76530968617259],[-73.9634015401756,40.765911191537384],[-73.96292865765722,40.76655862794688],[-73.96246998928173,40.7671849337879],[-73.96201412965428,40.76781230949767],[-73.96154785451905,40.76843158184915],[-73.9611099699185,40.76906440880765],[-73.9606018057136,40.76974918771143],[-73.9601095510839,40.77043221096519],[-73.95964440707765,40.77106426685757],[-73.95918179972249,40.771696823955814],[-73.95871707375642,40.77233167465374],[-73.95857052505814,40.77253279547013],[-73.95825534849057,40.772965337085935],[-73.95779380404115,40.77359989745656],[-73.95729409955628,40.77428355557762],[-73.9550548155685,40.773336851175806],[-73.95268752392711,40.7723430209825],[-73.95043175491416,40.77138973153753],[-73.9482247208946,40.77045807186088],[-73.9480738787856,40.7703943951678],[-73.9477938540364,40.77024915206132],[-73.94771625023168,40.77021606909055],[-73.94766538304376,40.77019325312899],[-73.94761452889779,40.770170429444676],[-73.94752257755805,40.77012969629409],[-73.9474897536819,40.770115154521235],[-73.94808633406504,40.76947479372144],[-73.94866416477957,40.76885762339432],[-73.94908536768654,40.768278270795754],[-73.94937332131504,40.76788219105439],[-73.94957912071389,40.76762893017959],[-73.95006979303095,40.7670250878808],[-73.95066345088138,40.76638071134915],[-73.95122497666563,40.76577119897352],[-73.95176480900392,40.76516371184319],[-73.95230963181133,40.764554288606064],[-73.95336559897473,40.76336817091145],[-73.954418260786,40.762184104951125],[-73.95573621574248,40.761024392344815],[-73.95587222339061,40.76090471211562],[-73.95630917634212,40.76050836705173],[-73.95633318967808,40.76048658506138],[-73.95697841727626,40.75989675444599],[-73.9573173758794,40.75959221225664],[-73.95759869445274,40.75934231825782],[-73.95763772742096,40.75930673989837],[-73.95800496616789,40.75897200013195],[-73.95818604432436,40.758811720253455],[-73.95824543566668,40.7587590086597],[-73.95833351948279,40.758683879549864],[-73.9583537498379,40.75866662516276]]]]},"properties":{"shape_area":"21500957.9496","ntaname":"Upper East Side-Lenox Hill-Roosevelt Island","cdtaname":"MN08 Upper East Side-Roosevelt Island (CD 8 Equivalent)","shape_leng":"38425.3806097","boroname":"Manhattan","ntatype":"0","nta2020":"MN0801","borocode":"1","countyfips":"061","ntaabbrev":"UES_LnxHl","cdta2020":"MN08"}},{"type":"Feature","geometry":{"type":"MultiPolygon","coordinates":[[[[-73.94933170560955,40.78519312655763],[-73.94982390342892,40.78451557104543],[-73.95028254854698,40.7838904699924],[-73.95073913675597,40.78326171127893],[-73.95119927206787,40.78263339296068],[-73.95165920682966,40.782007674165136],[-73.95212203183532,40.78138671022047],[-73.95257421783995,40.78075303402237],[-73.95303367885595,40.78012545503844],[-73.9534921225099,40.77949662267574],[-73.95371393266856,40.77919227192677],[-73.95375828607416,40.77913141368199],[-73.95398370089133,40.77882211062037],[-73.95448223960696,40.778138665021125],[-73.95494519919835,40.777503947668805],[-73.95540729695428,40.77686848090173],[-73.95586933527845,40.77623622684734],[-73.95633492193268,40.77560078338004],[-73.95658387298086,40.77525931675068],[-73.95679748994272,40.7749663106679],[-73.95729409955632,40.77428355557757],[-73.95779380404115,40.77359989745656],[-73.95825534849057,40.7729653370859],[-73.95857052505825,40.77253279547013],[-73.95871707375652,40.7723316746537],[-73.95918179972243,40.77169682395578],[-73.95964440707776,40.77106426685754],[-73.960109551084,40.77043221096514],[-73.96060180571365,40.769749187711405],[-73.9611099699185,40.769064408807616],[-73.96154785451905,40.76843158184915],[-73.96201412965428,40.767812309497636],[-73.96246998928184,40.76718493378786],[-73.96292865765733,40.76655862794684],[-73.9634015401756,40.76591119153734],[-73.96384291024998,40.765309686172536],[-73.96429790304767,40.76468198812284],[-73.96475544759764,40.76405707110181],[-73.96521327921789,40.763431359563256],[-73.96566959817801,40.76280455661411],[-73.96612747229631,40.762179299695454],[-73.96658338334103,40.7615509360789],[-73.9681868771548,40.7622268213257],[-73.96968801010544,40.76286596344544],[-73.96980028759536,40.76291351263008],[-73.96990489190867,40.76295804272866],[-73.9714114162371,40.76358747419971],[-73.97301487176121,40.764278879445236],[-73.97255352207601,40.764897732393266],[-73.9720985231214,40.76551725172979],[-73.97164774202095,40.76614246897499],[-73.97118520913466,40.76677029067482],[-73.97072777348453,40.76739372342118],[-73.97028165436144,40.76802503293212],[-73.96982455199645,40.76864600949075],[-73.96951605111292,40.76906520109445],[-73.9693648454653,40.76927065749306],[-73.96890454556068,40.7699008322933],[-73.96844155867254,40.77051632737545],[-73.96799327710882,40.77114723145509],[-73.96753398378233,40.77177618465396],[-73.96703947447702,40.77246121948618],[-73.96653616947071,40.77314036909261],[-73.96607448908784,40.7737729890998],[-73.96560968533342,40.77440720211531],[-73.96514745286605,40.7750442325921],[-73.96468735709493,40.77567708238511],[-73.96422820041792,40.77631030968475],[-73.96376123785065,40.77695097043722],[-73.9637260260802,40.77700571856983],[-73.96322991822858,40.77767704803172],[-73.96313459803535,40.77780805178082],[-73.96276715427432,40.77831304088832],[-73.96230361413694,40.778947041874744],[-73.96183836839708,40.77958419269862],[-73.96136872606758,40.78022974971744],[-73.96091016072192,40.780857036026696],[-73.96041430521686,40.781524268474556],[-73.9599209422003,40.78221294450728],[-73.95946905991516,40.78283332166448],[-73.9590117652701,40.78346128530461],[-73.95856809945384,40.78408344454207],[-73.95810353289924,40.784713004730776],[-73.95763599235518,40.785343458323304],[-73.95716243258384,40.785979638761766],[-73.95671862998218,40.78660079432696],[-73.95626130831457,40.787222876782145],[-73.95577735758036,40.78791392447048],[-73.95416476904346,40.787227563576124],[-73.95371344994439,40.7870375860291],[-73.95341646690392,40.78691257113917],[-73.95266136573831,40.78659502062895],[-73.95255145469038,40.7865485806622],[-73.95246430034462,40.7865104319229],[-73.95222947470897,40.78641155023132],[-73.9512967085309,40.78602007486519],[-73.95092812655976,40.78586538067472],[-73.95033803998145,40.78561715001261],[-73.94933170560955,40.78519312655763]]]]},"properties":{"shape_area":"20065364.2826","ntaname":"Upper East Side-Carnegie Hill","cdtaname":"MN08 Upper East Side-Roosevelt Island (CD 8 Equivalent)","shape_leng":"23778.4102558","boroname":"Manhattan","ntatype":"0","nta2020":"MN0802","borocode":"1","countyfips":"061","ntaabbrev":"UES_CrngHl","cdta2020":"MN08"}},{"type":"Feature","geometry":{"type":"MultiPolygon","coordinates":[[[[-73.93804640603422,40.78082954427559],[-73.93790133623929,40.780749996172595],[-73.937794486603,40.78078125875511],[-73.93779944179558,40.78103133979669],[-73.93764631755363,40.78100121589254],[-73.93765365963758,40.78079000805545],[-73.93759894622616,40.78046784086153],[-73.93779269036342,40.780357904212394],[-73.9382377350939,40.78025907946538],[-73.93839622591784,40.78026243288868],[-73.93861200821945,40.78033895586903],[-73.93923746178274,40.779733393555865],[-73.93931821987555,40.77971800232948],[-73.93953015793254,40.779527620260545],[-73.9395837897242,40.77957647450975],[-73.93943238034647,40.779812200274286],[-73.93949329752046,40.77987369131549],[-73.93937515379629,40.77997877235183],[-73.93930528430658,40.77995122455179],[-73.93921789625274,40.78001352022152],[-73.93872802926543,40.78051074420721],[-73.93883951845037,40.780599249799884],[-73.93882863410155,40.7807634507277],[-73.93874423089268,40.781043876042325],[-73.93830097951646,40.78136208436508],[-73.93808213268757,40.7814184372747],[-73.93796757721594,40.78128933456287],[-73.9380494885564,40.78105580604219],[-73.93806723089968,40.78094470219554],[-73.93804640603422,40.78082954427559]]],[[[-73.94360047475412,40.78015909946624],[-73.94343876735945,40.779763242468476],[-73.9424642534702,40.78003250004425],[-73.94245164079231,40.78003430168419],[-73.94243881234524,40.78003457368863],[-73.9424260871595,40.78003330929296],[-73.94241378169744,40.78003053994149],[-73.94240220198301,40.780026334505116],[-73.94239163599171,40.78002079756874],[-73.94238234648851,40.78001406683019],[-73.94237456449295,40.78000630967579],[-73.9423684835349,40.77999771901803],[-73.94236425484041,40.77998850849714],[-73.9421202220566,40.77947255637249],[-73.94211585205258,40.77946438178293],[-73.94211320931082,40.77945578974265],[-73.94211235826057,40.779446989725784],[-73.94211331964989,40.77943819627721],[-73.94211607003913,40.77942962378125],[-73.94212054237336,40.77942148123547],[-73.94212662761645,40.77941396715523],[-73.9421341774095,40.7794072647337],[-73.94214300768843,40.779401537375904],[-73.94272973395677,40.779257248158125],[-73.9427188460896,40.77920845278751],[-73.94271719246164,40.779158976443824],[-73.94272480662887,40.77910982374283],[-73.9427415339661,40.77906199272669],[-73.94276703480749,40.779016454598725],[-73.94280079145874,40.77897413411712],[-73.94284211834898,40.778935890490736],[-73.94289017633311,40.77890250024763],[-73.94294398959741,40.77887464136767],[-73.94300246547277,40.77885287951751],[-73.9426553074297,40.778124965574186],[-73.94245741056957,40.777407473347985],[-73.94229506198677,40.7773319619806],[-73.94228050044822,40.77734743772611],[-73.94231968904039,40.77745251876451],[-73.94236333715743,40.77744701092419],[-73.94245545698132,40.77774786433369],[-73.94242853953912,40.7777528275672],[-73.94242491195624,40.77774231956355],[-73.94238999107066,40.77774727929153],[-73.94235943486066,40.777753898689134],[-73.94236233470946,40.777764959667444],[-73.94233541821139,40.77776881687668],[-73.94224111393426,40.77747017361312],[-73.94228549380605,40.77746024332943],[-73.94224050534159,40.777334147323664],[-73.94225579604536,40.7773164597748],[-73.94211982454031,40.777255566411746],[-73.9421853701388,40.77716380926489],[-73.94230970647094,40.77721971988047],[-73.94229368333247,40.77724293574528],[-73.94243403895554,40.77730046148625],[-73.94242964535643,40.77728894945426],[-73.94233789325409,40.77724890117734],[-73.94238467141909,40.77717109760465],[-73.94232882914014,40.77715521675247],[-73.94227622710854,40.77713387996399],[-73.94222778292577,40.777107459444466],[-73.94218434166052,40.777076416080575],[-73.94214666110557,40.777041291400685],[-73.94211539855979,40.77700269812781],[-73.94209109936159,40.776961309490595],[-73.94207418737722,40.776917847479346],[-73.94200266722274,40.776185317382755],[-73.94208160457381,40.775957016317086],[-73.94240100949001,40.77572692802874],[-73.94258769640638,40.775218957030674],[-73.94293043715292,40.77467626803556],[-73.94333894684375,40.774211192590336],[-73.9436643174873,40.77384076367398],[-73.94396084370908,40.77353041958943],[-73.944363934407,40.77310853929501],[-73.94487889596742,40.77256956150473],[-73.94561514012553,40.771943026085125],[-73.94640418919063,40.77126904561928],[-73.94690764133767,40.77073391172362],[-73.9474897536819,40.770115154521235],[-73.94752257755805,40.77012969629409],[-73.94761452889779,40.770170429444676],[-73.94766538304376,40.77019325312899],[-73.94771625023168,40.77021606909055],[-73.9477938540364,40.77024915206132],[-73.9480738787856,40.7703943951678],[-73.9482247208946,40.77045807186088],[-73.95043175491416,40.77138973153753],[-73.95268752392711,40.7723430209825],[-73.9550548155685,40.773336851175806],[-73.95729409955628,40.77428355557762],[-73.95679748994272,40.7749663106679],[-73.9565838729808,40.77525931675073],[-73.95633492193258,40.77560078338008],[-73.95586933527849,40.77623622684739],[-73.95540729695435,40.776868480901776],[-73.95494519919824,40.777503947668805],[-73.95448223960703,40.778138665021125],[-73.95398370089133,40.77882211062042],[-73.9537582860741,40.77913141368199],[-73.9537139326685,40.7791922719268],[-73.95349212250973,40.77949662267574],[-73.95303367885583,40.78012545503844],[-73.9525742178399,40.78075303402237],[-73.95212203183532,40.78138671022047],[-73.95165920682966,40.782007674165136],[-73.95119927206781,40.78263339296068],[-73.95073913675586,40.78326171127893],[-73.95028254854694,40.783890469992436],[-73.94982390342892,40.78451557104548],[-73.9493317056096,40.78519312655763],[-73.94877626223455,40.78495823592676],[-73.94784345948781,40.78456375606808],[-73.94708951828564,40.78424490579457],[-73.94644497128868,40.78397317908006],[-73.94592185905542,40.783752798856916],[-73.94472264438717,40.78324757314367],[-73.94464665903752,40.78321787430499],[-73.94405439380174,40.78296435854855],[-73.94395460074938,40.7829155201534],[-73.94389324473693,40.78288772733195],[-73.94383256609856,40.78285908997754],[-73.94376005208356,40.7828289322194],[-73.9436735813055,40.78271662373025],[-73.94364823450802,40.7826561618355],[-73.94388068102498,40.781532042861855],[-73.94387075922585,40.781273026571284],[-73.94371468850511,40.780629816031464],[-73.94360047475412,40.78015909946624]]]]},"properties":{"shape_area":"13645033.1396","ntaname":"Upper East Side-Yorkville","cdtaname":"MN08 Upper East Side-Roosevelt Island (CD 8 Equivalent)","shape_leng":"18113.2939923","boroname":"Manhattan","ntatype":"0","nta2020":"MN0803","borocode":"1","countyfips":"061","ntaabbrev":"UES_Yrkvl","cdta2020":"MN08"}},{"type":"Feature","geometry":{"type":"MultiPolygon","coordinates":[[[[-73.95210125149217,40.811442853501326],[-73.95259125622047,40.81076533356872],[-73.95307869907204,40.81009408540936],[-73.9532765486116,40.809879604282706],[-73.95357577722126,40.80947669816194],[-73.95496657106287,40.8100645552061],[-73.9554297470212,40.80942915340612],[-73.9558841752817,40.80880224955129],[-73.95634493613599,40.80817335404019],[-73.9563699073104,40.80813932014106],[-73.95645088437541,40.80802895134925],[-73.95647969715911,40.807989680883566],[-73.9568054381114,40.8075457097821],[-73.95726581466334,40.80691617138671],[-73.95728508561184,40.80688974849598],[-73.95769641268312,40.80632574455478],[-73.95772175927723,40.80629098862704],[-73.95818962106898,40.80560880369023],[-73.95822724911433,40.80553749729564],[-73.9582564594939,40.80546394834792],[-73.95827702487057,40.80538872933101],[-73.95828878449724,40.80531242541452],[-73.95829164751598,40.80523563087949],[-73.95828559167313,40.80515894346899],[-73.95825482514002,40.80471387844124],[-73.95824272320102,40.80452248107069],[-73.95823477383303,40.80439673194488],[-73.95820300718935,40.80389427150115],[-73.9582487817548,40.80310648647064],[-73.9586883921315,40.8024697948681],[-73.95914741049165,40.80184376013695],[-73.95964685334928,40.8011564237588],[-73.96107793869854,40.80180035772],[-73.96386126202978,40.80297203835316],[-73.96434277616534,40.803174561404504],[-73.96542640500678,40.80363031827797],[-73.96556498572275,40.80368860225041],[-73.96603501450645,40.803886498631186],[-73.96617495045246,40.80394550580626],[-73.96659750376655,40.8041236771614],[-73.96670106824132,40.804168477439575],[-73.96680327257117,40.80420756162358],[-73.96804849260943,40.80468370013349],[-73.96849506637912,40.80483227088674],[-73.96855913351779,40.8048535841202],[-73.96860707273827,40.804870949897825],[-73.96978721849004,40.805300497384266],[-73.97069326385139,40.80563026895156],[-73.97076362300699,40.80565737287974],[-73.97084148354809,40.8056853437599],[-73.97098767871225,40.805742902928884],[-73.97110765764116,40.80579013967652],[-73.9704651214442,40.80662431710991],[-73.97021400799245,40.80693570565086],[-73.96988290614713,40.80736478797872],[-73.96977288943349,40.807525282141206],[-73.96955934797347,40.807795500999006],[-73.96911173565802,40.80840637057158],[-73.96909103244369,40.80843016507846],[-73.9689167848404,40.80863078055982],[-73.96885218645349,40.80875198561204],[-73.96866264764898,40.80896329318083],[-73.96855747771212,40.80907289382104],[-73.96854420633765,40.80914511039279],[-73.96846348611653,40.809318714020016],[-73.9684247350703,40.809394060333084],[-73.96823952732133,40.80966268389447],[-73.96815337512078,40.80976588090616],[-73.96811674952515,40.809806836240405],[-73.96813186592715,40.809844489225064],[-73.96796065311788,40.8101000090642],[-73.96788312497532,40.81020156518222],[-73.96788099107852,40.81024414782693],[-73.96779484834431,40.810366997374054],[-73.96772160095219,40.810434161110955],[-73.96770439052264,40.81048820038701],[-73.96766778940892,40.81055044594295],[-73.96762038824578,40.810584850897],[-73.96762041422639,40.81063070053477],[-73.96754397270519,40.810773199724146],[-73.96740185312343,40.811022155899764],[-73.96713048758559,40.81138742057656],[-73.9670411118029,40.81152009962692],[-73.96700232144049,40.811547948029755],[-73.96692265508437,40.811690446533724],[-73.9668817501494,40.8117739764283],[-73.96674930787943,40.81198198551443],[-73.96663300760136,40.812153969782905],[-73.96652962321858,40.81228501552487],[-73.96639177720901,40.81247337265936],[-73.96627762716831,40.81263881149776],[-73.96615809223927,40.81281570329393],[-73.9661063947334,40.812863206936115],[-73.96588240945083,40.81320062685118],[-73.96579194974622,40.81332838220266],[-73.96565840161249,40.81349873149245],[-73.96548975012963,40.813747072367896],[-73.96548932424895,40.81374769375625],[-73.96534706551687,40.813939651896746],[-73.96510784267484,40.814275475527225],[-73.96509511906363,40.81431957165403],[-73.96432483391338,40.815512737513274],[-73.96414082888293,40.81577165745394],[-73.96340395102334,40.816684196935185],[-73.96312702403768,40.816955095839006],[-73.96308529694105,40.817006113433166],[-73.96271913392074,40.81736849075739],[-73.96203105751877,40.81808633097906],[-73.96189984850145,40.818047287355554],[-73.96181860145632,40.81802315472906],[-73.9616880598367,40.817966694246635],[-73.96163613470632,40.8179398523097],[-73.96157543968943,40.81790997171799],[-73.96138875951948,40.81781807601386],[-73.96102015507535,40.81764868569753],[-73.96068717735129,40.81751051765013],[-73.95949328737717,40.817007473778716],[-73.95839496608971,40.815796887334436],[-73.95835611877102,40.815755872710696],[-73.95829447377139,40.81569079064061],[-73.95822677449533,40.81561208928729],[-73.95819953120416,40.81558041796541],[-73.95782821805555,40.81515604887883],[-73.9571692986533,40.81440312395258],[-73.95710690001732,40.81433182143881],[-73.95707628339936,40.81429482935245],[-73.95625889682282,40.813389434428224],[-73.95570689991116,40.814143960542445],[-73.95520337871008,40.81355412906576],[-73.95408058341555,40.81228011289557],[-73.95354382953624,40.812050820629715],[-73.95210125149217,40.811442853501326]]]]},"properties":{"shape_area":"15922767.6743","ntaname":"Morningside Heights","cdtaname":"MN09 Morningside Heights-Hamilton Heights (CD 9 Equivalent)","shape_leng":"17757.8076596","boroname":"Manhattan","ntatype":"0","nta2020":"MN0901","borocode":"1","countyfips":"061","ntaabbrev":"MrngsdHts","cdta2020":"MN09"}},{"type":"Feature","geometry":{"type":"MultiPolygon","coordinates":[[[[-73.94607828608069,40.82126321606166],[-73.94640289781525,40.82057204268708],[-73.94671831879403,40.819894268033174],[-73.94703623140666,40.81920837200782],[-73.9473495389148,40.818534998223186],[-73.94766641252544,40.81785550999163],[-73.94800732801156,40.81711650889906],[-73.94835601453075,40.81637430561862],[-73.94867681741358,40.815692286519734],[-73.94883939421027,40.815356826067045],[-73.94901859639863,40.81502575482476],[-73.94921410372903,40.81469977098464],[-73.94942552761023,40.814379584095384],[-73.94963674845418,40.814086666014774],[-73.94963688376123,40.814086478446455],[-73.94963702038646,40.81408629724464],[-73.9498621889739,40.813799980436414],[-73.95035019209078,40.81315938928986],[-73.95092865672767,40.81257507153122],[-73.95098203327805,40.81252162978947],[-73.95150537198396,40.812007685641674],[-73.95210125149221,40.81144285350128],[-73.95354382953636,40.812050820629715],[-73.95408058341565,40.81228011289557],[-73.95520337871008,40.81355412906571],[-73.95570689991122,40.81414396054241],[-73.95625889682282,40.81338943442819],[-73.95707628339936,40.81429482935245],[-73.95710690001737,40.81433182143881],[-73.95716929865335,40.81440312395258],[-73.9578282180556,40.8151560488788],[-73.95819953120426,40.81558041796541],[-73.95822677449533,40.81561208928729],[-73.95829447377145,40.81569079064061],[-73.95835611877118,40.815755872710696],[-73.95839496608976,40.8157968873344],[-73.95949328737711,40.81700747377868],[-73.96068717735145,40.817510517650085],[-73.9610201550753,40.817648685697485],[-73.96138875951965,40.817818076013815],[-73.96157543968937,40.81790997171799],[-73.96163613470637,40.8179398523097],[-73.9616880598367,40.8179666942466],[-73.96181860145643,40.818023154729026],[-73.96189984850156,40.818047287355554],[-73.96203105707758,40.81808633148148],[-73.961879170353,40.81825856459265],[-73.96131833180573,40.818894523557404],[-73.96094889843974,40.81931128887274],[-73.96044728492032,40.81987715679102],[-73.95999892229345,40.820382944802326],[-73.95981462674587,40.82029787419884],[-73.95939068731778,40.820855178355636],[-73.95932566265178,40.82094627675602],[-73.95928300647289,40.82099497441371],[-73.95913061580599,40.82116895427735],[-73.95920767709246,40.82120790934952],[-73.95926255403742,40.82123565535863],[-73.95930263598646,40.821189898025644],[-73.95942624349648,40.821252381738],[-73.95914685715192,40.821571328550995],[-73.95903294155774,40.821513746228526],[-73.95923467194027,40.82127782476789],[-73.95917712794261,40.821249429985144],[-73.9590896024009,40.821206247055954],[-73.95881892233997,40.821518524846795],[-73.9589417294171,40.8215693640096],[-73.95885403985366,40.82167475074984],[-73.958745236605,40.82180551197366],[-73.95896360094639,40.82237379414216],[-73.95900018289892,40.82240972837438],[-73.95911304024075,40.822454965148154],[-73.95922976213465,40.82228691013236],[-73.95990999378239,40.8225711198218],[-73.9596033246028,40.82299468678335],[-73.95892614718271,40.82271175594393],[-73.95904953331679,40.82254133587084],[-73.9589172176045,40.82248605137148],[-73.95886745433307,40.82245023922807],[-73.95883849863237,40.82240504207787],[-73.95865126011921,40.82191843657337],[-73.958645850815,40.82190436963156],[-73.95852731524258,40.82184375665217],[-73.95820019354012,40.82228313691813],[-73.95816805363593,40.82245810099123],[-73.95813063305596,40.822531090455826],[-73.9580746794387,40.822611358464904],[-73.95793904909091,40.8227743540499],[-73.95822838183035,40.8228878671009],[-73.95820639539136,40.822922131409705],[-73.95814312769234,40.82302072176888],[-73.9591645863233,40.82345179548341],[-73.95918196037674,40.82345912244307],[-73.95943846744453,40.8235623917904],[-73.95946454189144,40.8235711361743],[-73.95948269766957,40.82357865266565],[-73.95949747410923,40.82358681678851],[-73.95950361164489,40.823591185797795],[-73.95950897939188,40.823595788902814],[-73.95953101411841,40.823619182180636],[-73.95953800225297,40.82362933408737],[-73.95954284439085,40.82363916845249],[-73.95954472552461,40.82364494233189],[-73.95954522180355,40.823647337097086],[-73.95953351105084,40.82368501839727],[-73.95955575493863,40.82369379776882],[-73.95914038137627,40.824317590204736],[-73.95741069280895,40.823273474634554],[-73.957222029754,40.82322595909108],[-73.95715187419384,40.823213766261794],[-73.95708264224676,40.82320154793484],[-73.9568282452636,40.82316507944143],[-73.95651468387791,40.8231201282841],[-73.95634010375615,40.823092327507126],[-73.95576937238847,40.82290432086416],[-73.95573074894818,40.82289125825003],[-73.95569660777309,40.82287647687118],[-73.95376927284617,40.82205869093079],[-73.95367103329552,40.822017534012154],[-73.95357262881213,40.821975891625314],[-73.95291028936347,40.82169694692581],[-73.9508287990319,40.8208279375995],[-73.95037710497127,40.82144561908401],[-73.94992194321388,40.82207231472997],[-73.94854029702124,40.82148762331529],[-73.94808289749476,40.82210802201327],[-73.9472384465802,40.82175398626634],[-73.94607828608069,40.82126321606166]]]]},"properties":{"shape_area":"10734805.1646","ntaname":"Manhattanville-West Harlem","cdtaname":"MN09 Morningside Heights-Hamilton Heights (CD 9 Equivalent)","shape_leng":"17357.2460682","boroname":"Manhattan","ntatype":"0","nta2020":"MN0902","borocode":"1","countyfips":"061","ntaabbrev":"Mnhttnvl","cdta2020":"MN09"}},{"type":"Feature","geometry":{"type":"MultiPolygon","coordinates":[[[[-73.94034643247481,40.8304578433521],[-73.94014131121871,40.830371988880295],[-73.93962569863977,40.83015583738766],[-73.93943428706268,40.83007611669185],[-73.93926612530757,40.82999853179357],[-73.93899743371458,40.82988885336654],[-73.93864026605648,40.8297388744201],[-73.9389603480079,40.828986330462335],[-73.93924885616293,40.82829635121191],[-73.93968952732978,40.82765657422756],[-73.94013953822808,40.82703869055564],[-73.94059472566465,40.826413604531375],[-73.94104840743191,40.82579262960351],[-73.94150312587476,40.825171367392976],[-73.94195569574536,40.82455444112495],[-73.94242953890151,40.823909156935166],[-73.94292366846379,40.823260587752706],[-73.94323581817392,40.82292133503308],[-73.94350594397176,40.82262775327909],[-73.94404986301971,40.82205159210472],[-73.94460364515598,40.82146198118781],[-73.94516004829619,40.82087904397859],[-73.94607828608069,40.82126321606166],[-73.9472384465802,40.82175398626634],[-73.94808289749476,40.82210802201327],[-73.94854029702124,40.82148762331529],[-73.94992194321388,40.82207231472997],[-73.95037710497127,40.82144561908401],[-73.9508287990319,40.8208279375995],[-73.95291028936347,40.82169694692581],[-73.95357262881213,40.821975891625314],[-73.95367103329552,40.822017534012154],[-73.95376927284617,40.82205869093079],[-73.95569660777309,40.82287647687118],[-73.95573074894818,40.82289125825003],[-73.95576937238847,40.82290432086416],[-73.95634010375615,40.823092327507126],[-73.95651468387791,40.8231201282841],[-73.9568282452636,40.82316507944143],[-73.95708264224676,40.82320154793484],[-73.95715187419384,40.823213766261794],[-73.957222029754,40.82322595909108],[-73.95741069280895,40.823273474634554],[-73.95914038137627,40.824317590204736],[-73.95901612941928,40.82450418799674],[-73.95899582803376,40.82449642742512],[-73.95743708511714,40.8268485484523],[-73.95725896977147,40.827117309873124],[-73.95694866354306,40.82700055393479],[-73.9563178451031,40.827944215388584],[-73.95620054528351,40.8279012271001],[-73.95620373779566,40.82789698609989],[-73.95622394360274,40.82787008688887],[-73.95503912978361,40.82741343241447],[-73.954697366195,40.827918385514245],[-73.95454188062094,40.827861476868115],[-73.954464699772,40.82797417020139],[-73.95446458034667,40.827974332652616],[-73.95444120044071,40.828006635298706],[-73.95436068010171,40.82811788351777],[-73.95427220906049,40.82823654314249],[-73.95421653625729,40.82830747135809],[-73.95416950644204,40.82836086924022],[-73.95413649135867,40.82839340906014],[-73.95406111804215,40.828462132954094],[-73.95403271651476,40.82849042349041],[-73.95402106612515,40.82850298030428],[-73.95398614911781,40.82854351625169],[-73.95395406407458,40.82858535816412],[-73.95359128626757,40.82909772115135],[-73.95297619362583,40.83009020377364],[-73.95218597296554,40.83127711791915],[-73.95191404057142,40.83161971741834],[-73.95180892345925,40.83182432102061],[-73.95165656369048,40.83197699406896],[-73.95155293475376,40.83213419998709],[-73.95131742037631,40.832479572445365],[-73.95119183012169,40.83263915178246],[-73.95114792166837,40.832783592459],[-73.95105224571313,40.832922437633854],[-73.95104109555966,40.83302248809374],[-73.95100838567099,40.83314064945551],[-73.95095307082967,40.833283580332406],[-73.95086512705237,40.83343412012506],[-73.95080734993236,40.83351414932589],[-73.95072698740043,40.833592264102506],[-73.95068177244163,40.83365133130826],[-73.95056874248017,40.833788518529545],[-73.95051346128342,40.83388570427196],[-73.95048330225957,40.83394477852648],[-73.95044809740766,40.834041972182895],[-73.95041794939807,40.83408579789298],[-73.95034009355597,40.834167724807436],[-73.95028481740808,40.8342572850825],[-73.95021218560015,40.83430311995836],[-73.95007777733062,40.834251800541566],[-73.94993193692676,40.834198493192],[-73.94985612947902,40.83417935046803],[-73.94979197766332,40.83415015010909],[-73.94967072287922,40.83410501154386],[-73.94950730060035,40.83404276142805],[-73.9493412262308,40.833982114961806],[-73.94897390483271,40.83405222865222],[-73.94890543220046,40.83406529937909],[-73.94827676702778,40.83386545609741],[-73.94592558095874,40.83280648970204],[-73.94582395086611,40.83276546128705],[-73.9457193354422,40.83272141376781],[-73.94297966110949,40.83156798036163],[-73.94136799449048,40.83089083858494],[-73.9410754691443,40.830766851875765],[-73.94034643247481,40.8304578433521]]]]},"properties":{"shape_area":"15983586.1467","ntaname":"Hamilton Heights-Sugar Hill","cdtaname":"MN09 Morningside Heights-Hamilton Heights (CD 9 Equivalent)","shape_leng":"17103.2131521","boroname":"Manhattan","ntatype":"0","nta2020":"MN0903","borocode":"1","countyfips":"061","ntaabbrev":"HmltnHts","cdta2020":"MN09"}},{"type":"Feature","geometry":{"type":"MultiPolygon","coordinates":[[[[-73.94177140103845,40.807089000851946],[-73.94226311088819,40.806415738247374],[-73.94275367162054,40.80574401279432],[-73.94285550154605,40.80578655495568],[-73.94315770319461,40.80591280523896],[-73.94377476780275,40.8061705926546],[-73.9443558695654,40.80641358791121],[-73.94480742947479,40.80578880916317],[-73.94527043727425,40.805168369060745],[-73.9457332123988,40.804532033356125],[-73.94620045768923,40.80390652243208],[-73.94561836398002,40.80365897805435],[-73.94470926046549,40.80327192790181],[-73.94459915208044,40.80322504834242],[-73.9447597648013,40.80300304149275],[-73.94505127896332,40.802598598717104],[-73.94550863852021,40.801970231741926],[-73.94596789661186,40.801342395172064],[-73.94646133719719,40.800665306384275],[-73.94697366652673,40.79996170341212],[-73.94728018231284,40.79954178928627],[-73.9473277142641,40.79947667147827],[-73.94737599778551,40.79941052472026],[-73.94741996169058,40.79935029529539],[-73.94771055891137,40.798952180613064],[-73.94775716402712,40.798888332040576],[-73.94781662986682,40.79880686297168],[-73.94784679052705,40.79876554320314],[-73.94805130136857,40.79848535985405],[-73.94810108960388,40.798417148883715],[-73.94815384258702,40.79834487657812],[-73.94820641449834,40.79827285109796],[-73.94831125322115,40.798129217566235],[-73.94878702678898,40.797482839004566],[-73.94906517792775,40.797100494105855],[-73.94923327016367,40.79687199990516],[-73.9497477293007,40.79709700227067],[-73.95094228217191,40.7976031183403],[-73.95237418996642,40.798209771247585],[-73.95246092785237,40.7982424946805],[-73.95253186666169,40.798269742692284],[-73.95276726824007,40.798372092071126],[-73.95522296477984,40.799406646617626],[-73.95525763516926,40.79942119889399],[-73.9553036392048,40.79944050119972],[-73.95536651620195,40.79946642708653],[-73.95786499207041,40.80051527294129],[-73.95817296971542,40.80058254195948],[-73.95848111409947,40.800670478590966],[-73.95883381257535,40.80081750560479],[-73.9596468533494,40.801156423758755],[-73.95914741049171,40.801843760136904],[-73.95868839213162,40.80246979486806],[-73.95824878175492,40.803106486470604],[-73.95820300718947,40.803894271501115],[-73.95823477383297,40.80439673194488],[-73.95824272320102,40.80452248107069],[-73.95825482513996,40.80471387844124],[-73.95828559167313,40.80515894346899],[-73.95829164751605,40.80523563087944],[-73.95828878449723,40.80531242541447],[-73.95827702487068,40.80538872933101],[-73.95825645949402,40.805463948347885],[-73.95822724911444,40.80553749729564],[-73.95818962106898,40.80560880369023],[-73.95772175927739,40.80629098862704],[-73.95769641268316,40.80632574455475],[-73.95728508561196,40.80688974849594],[-73.95726581466329,40.80691617138671],[-73.95680543811145,40.8075457097821],[-73.95647969715922,40.80798968088353],[-73.95645088437558,40.8080289513492],[-73.9563699073105,40.808139320141024],[-73.95634493613605,40.80817335404019],[-73.9558841752818,40.80880224955129],[-73.9554297470212,40.80942915340612],[-73.95496657106287,40.8100645552061],[-73.95357577722136,40.80947669816191],[-73.9532765486117,40.80987960428266],[-73.95307869907211,40.81009408540932],[-73.95259125622059,40.81076533356872],[-73.95210125149221,40.81144285350128],[-73.95067975515929,40.81084296435357],[-73.94792306676732,40.809676922967256],[-73.94783892075638,40.809641127804554],[-73.94773985387287,40.80959972161674],[-73.94506102898416,40.80847450034952],[-73.94499360605086,40.808446183841575],[-73.94491601785558,40.808413503781296],[-73.94177140103845,40.807089000851946]]]]},"properties":{"shape_area":"14426413.3","ntaname":"Harlem (South)","cdtaname":"MN10 Harlem (CD 10 Equivalent)","shape_leng":"16663.3393423","boroname":"Manhattan","ntatype":"0","nta2020":"MN1001","borocode":"1","countyfips":"061","ntaabbrev":"Hrlm_S","cdta2020":"MN10"}},{"type":"Feature","geometry":{"type":"MultiPolygon","coordinates":[[[[-73.93515659173437,40.832682405734744],[-73.93512878131628,40.83236353447696],[-73.93511398341465,40.832365777339774],[-73.93507789246162,40.831941623611385],[-73.93509565184875,40.83194238126706],[-73.93508783728582,40.831859198350045],[-73.93506824974095,40.83170406762583],[-73.93504103028233,40.831474283556794],[-73.93486348275142,40.83005834140768],[-73.93483087208486,40.82980843705179],[-73.93479881905724,40.8297923091497],[-73.93480080676976,40.82977283275249],[-73.934789962788,40.829768324076824],[-73.93479293827941,40.82975634024962],[-73.93478111085878,40.8297405926647],[-73.93477028229685,40.82972036169426],[-73.93475944294418,40.829700121000236],[-73.93476343288322,40.82965740394864],[-73.93474372525105,40.82963716811984],[-73.9347393083098,40.829609060944016],[-73.93474919492763,40.82959708136343],[-73.9347373734992,40.82957458942524],[-73.93472260127821,40.82955060049562],[-73.93472557699917,40.82952736927091],[-73.93471476025812,40.82949514357718],[-73.93470100252401,40.829440430800055],[-73.93469412707404,40.82941645521604],[-73.93471288494554,40.82940072544171],[-73.93470504836114,40.82934077469021],[-73.93469321669608,40.829328773601354],[-73.93467597101805,40.829313402210566],[-73.93466228987826,40.829180759946084],[-73.93468302702506,40.829165787333565],[-73.93470769402468,40.829158309792234],[-73.93470080780777,40.82913207363136],[-73.93468107991025,40.82913355777917],[-73.93467714880197,40.82911632854793],[-73.93467025222023,40.82911257042642],[-73.93465447618146,40.82909757696108],[-73.93464959309411,40.82904811940747],[-73.9346619319834,40.829038760294495],[-73.93466295225605,40.82901403331154],[-73.93466495971363,40.82897356682655],[-73.93465611022576,40.828942836386176],[-73.93465515536495,40.828912858581155],[-73.93463641852165,40.82890685964648],[-73.93461640343897,40.82869365579336],[-73.93461171198555,40.828689835761665],[-73.93460260323826,40.82868240123775],[-73.93460883642791,40.82866118918507],[-73.93461052506917,40.82865543568971],[-73.93460804993313,40.828653363018255],[-73.93460065779202,40.82864718171014],[-73.93459873640637,40.82860072400898],[-73.93460192118351,40.828592549298634],[-73.93461159553193,40.82856775518624],[-73.93460917445479,40.82852167496815],[-73.93461017716503,40.82850293629024],[-73.93461219000993,40.82845722914908],[-73.93460433489878,40.828428002794745],[-73.93460731363092,40.82840102556378],[-73.93460043185588,40.828382282414424],[-73.93460834555331,40.82836355753905],[-73.93459750565471,40.82834482035358],[-73.93460048488119,40.82832833398514],[-73.93459360040826,40.82830135116014],[-73.9345867414778,40.82825938499248],[-73.93459562914437,40.82825114985737],[-73.93458676210477,40.82823840327909],[-73.9345917047489,40.82822716755986],[-73.93459763971535,40.828208431678554],[-73.9345887726729,40.82819569347652],[-73.93458684240785,40.82815671906884],[-73.93456513010294,40.82816270394683],[-73.93455810179822,40.82811740328038],[-73.93454586266007,40.8280481614642],[-73.9345423063815,40.82802687031307],[-73.93453258880562,40.8279685583618],[-73.93452175638006,40.827907800594],[-73.9345389813401,40.82790347317338],[-73.9345318309276,40.82784940204345],[-73.93452076528119,40.8277656896511],[-73.93451590672413,40.827728930758525],[-73.93442396339046,40.82704289397216],[-73.93448291058755,40.82703709277884],[-73.93446426549448,40.82684220569611],[-73.93442844400506,40.82646785059145],[-73.93436717955417,40.82582759765601],[-73.93435643452145,40.82582093714438],[-73.93432574289068,40.825232590797064],[-73.93429530732718,40.824649231725374],[-73.93429371670602,40.82449638641472],[-73.93427285440853,40.82443895275139],[-73.9342464289503,40.82416688353985],[-73.9342183480328,40.823799045790196],[-73.93416594530649,40.82307858087099],[-73.9341465766699,40.823029032050485],[-73.93414604382139,40.82302061918044],[-73.93413373625334,40.822800655976856],[-73.93412126165063,40.82264725274178],[-73.93411752612668,40.822524332688474],[-73.9341023336634,40.82220121691678],[-73.93409986738308,40.822139911838555],[-73.93409843799957,40.82210422734385],[-73.93409112517412,40.821996037487565],[-73.93407944723481,40.821805575796326],[-73.9340743435484,40.82171709911034],[-73.93407734095152,40.82169456177006],[-73.93407005522698,40.82155932093422],[-73.93404447476462,40.821176703574416],[-73.93404599779073,40.821133876520264],[-73.93403560443217,40.82095254677998],[-73.93402662334526,40.820816810255515],[-73.93400389615738,40.82039783968157],[-73.93400069207455,40.820338197174735],[-73.93398295705487,40.81999992020175],[-73.93398664640621,40.81996803472517],[-73.93397241531093,40.81972957476569],[-73.9338300916373,40.819719742927084],[-73.93383076840261,40.81959665747734],[-73.93383000629757,40.81949109558734],[-73.93411701628979,40.81955053491054],[-73.93431276753601,40.81962986684863],[-73.9344003987707,40.819667783438916],[-73.93447523610446,40.81969749639624],[-73.93447015541103,40.81959784047513],[-73.93446032007955,40.819407171394246],[-73.93445248158015,40.81932730707088],[-73.9344362759638,40.81915223690736],[-73.93442913125868,40.819123401230925],[-73.93433846858034,40.818757475236154],[-73.93429487719855,40.818904986776445],[-73.93423575984355,40.81864931975351],[-73.93408481947195,40.817930862509726],[-73.93407463845418,40.81782651394788],[-73.93412816606748,40.81773396351822],[-73.93423519483304,40.817554881717534],[-73.93445400072711,40.81718852906107],[-73.93463790184465,40.816908048977304],[-73.93487343768776,40.81652784801986],[-73.93575548122583,40.81532558429662],[-73.93599371262924,40.814988693569646],[-73.9360507651192,40.81490801561888],[-73.9361355433089,40.81478812764453],[-73.93622962288423,40.81464739096738],[-73.93668854816602,40.81404163072298],[-73.93708163628833,40.81350614105227],[-73.93714398336014,40.813421041444165],[-73.93761714797354,40.81274036533323],[-73.93813552253167,40.81206561923162],[-73.93820642556017,40.81196760479732],[-73.93830924976865,40.811825464010916],[-73.93838748441648,40.81171844357844],[-73.93863753172272,40.811376389071505],[-73.93874394437563,40.811230820566536],[-73.9390175324844,40.81085655687419],[-73.93949397407617,40.81020880953285],[-73.939948759109,40.809581418032344],[-73.94040344747809,40.80895809614743],[-73.94086063043315,40.80833426759862],[-73.9413174228129,40.80771334638061],[-73.94177140103841,40.807089000851946],[-73.9449160178555,40.80841350378133],[-73.94499360605086,40.80844618384162],[-73.94506102898406,40.808474500349554],[-73.94773985387287,40.809599721616785],[-73.94783892075631,40.809641127804554],[-73.9479230667672,40.809676922967256],[-73.95067975515934,40.81084296435357],[-73.95210125149217,40.811442853501326],[-73.95150537198396,40.812007685641746],[-73.95098203327805,40.81252162978947],[-73.95092865672757,40.81257507153122],[-73.95035019209067,40.81315938928986],[-73.94986218897385,40.81379998043647],[-73.94963702038646,40.81408629724464],[-73.94963688376123,40.814086478446455],[-73.94963674845424,40.814086666014816],[-73.94942552761012,40.814379584095384],[-73.94921410372893,40.81469977098464],[-73.94901859639869,40.8150257548248],[-73.94883939421021,40.815356826067045],[-73.94867681741353,40.81569228651978],[-73.94835601453069,40.81637430561867],[-73.94800732801151,40.81711650889909],[-73.94766641252534,40.81785550999163],[-73.9473495389148,40.81853499822322],[-73.9470362314066,40.81920837200782],[-73.94671831879397,40.81989426803321],[-73.94640289781525,40.82057204268708],[-73.94607828608069,40.8212632160617],[-73.94516004829607,40.82087904397859],[-73.94460364515598,40.82146198118781],[-73.94404986301961,40.82205159210476],[-73.94350594397166,40.82262775327912],[-73.94323581817375,40.82292133503308],[-73.94292366846379,40.823260587752756],[-73.94242953890146,40.82390915693521],[-73.9419556957453,40.824554441124995],[-73.94150312587466,40.825171367392976],[-73.94104840743196,40.82579262960351],[-73.9405947256646,40.82641360453141],[-73.94013953822798,40.82703869055564],[-73.93968952732978,40.82765657422756],[-73.93924885616283,40.82829635121191],[-73.93896034800785,40.828986330462335],[-73.93864026605654,40.8297388744201],[-73.93899743371446,40.82988885336654],[-73.93926612530763,40.82999853179357],[-73.93943428706257,40.83007611669185],[-73.93962569863967,40.83015583738769],[-73.94014131121864,40.830371988880295],[-73.94006947601358,40.83048997494212],[-73.93999744228613,40.83073463683538],[-73.93998396079002,40.83077324578573],[-73.93996168792495,40.83083481315234],[-73.93993407296874,40.830895118913396],[-73.93990123821465,40.83095389597119],[-73.93986433382429,40.83100343314303],[-73.9398236755727,40.831051244786636],[-73.93977940284867,40.831097166979646],[-73.93973047314424,40.831144151676334],[-73.93957215471526,40.83131164562336],[-73.93950544582285,40.831379532889244],[-73.93944593176458,40.83145117521467],[-73.93939397719073,40.83152613366699],[-73.93934990043896,40.83160394899513],[-73.9393139715856,40.83168414444309],[-73.93922856097772,40.83190780248337],[-73.93918842274455,40.83199755090541],[-73.93915027894104,40.832080179345844],[-73.93910667015705,40.832161233093395],[-73.93905770848107,40.83224050377776],[-73.93894859700762,40.83241733632789],[-73.93877360195481,40.83266321266211],[-73.9385804997354,40.83289867600817],[-73.93848743113787,40.832994504179354],[-73.9383909560032,40.83308836874738],[-73.93829114609713,40.83318019987477],[-73.93818807523338,40.83326992935748],[-73.93808182051399,40.83335749030358],[-73.93797246098403,40.83344281756486],[-73.93729533199006,40.833975919208314],[-73.93700641578585,40.83419311118516],[-73.93660364645432,40.83451301667616],[-73.9357262417768,40.83515634726905],[-73.93530787937625,40.83547772543557],[-73.93506336254389,40.83567765880954],[-73.93496274110625,40.8357599352525],[-73.93485595040315,40.83585697518631],[-73.93467393002148,40.83606490323883],[-73.93463510507978,40.836050192746804],[-73.93445239353248,40.83598096014969],[-73.93446697910218,40.83595775699722],[-73.93445377234241,40.835935263094875],[-73.93444877564322,40.83591143450383],[-73.9344517053741,40.83590029914277],[-73.93445684398527,40.83588963538641],[-73.93446407045238,40.835879694384204],[-73.93447321457913,40.83587071026368],[-73.93448406100515,40.83586289461601],[-73.93449635427865,40.83585643151257],[-73.93450980487205,40.83585147317036],[-73.93453869935644,40.83581622813835],[-73.93454550794839,40.835797126739294],[-73.93455055397723,40.835769492012375],[-73.93456637664846,40.8357438142154],[-73.93457313780561,40.835742593835576],[-73.93457952060335,40.83574050623438],[-73.93458533381349,40.835737613956155],[-73.93459040327329,40.83573400365312],[-73.93459457710226,40.835729783489704],[-73.93459773025299,40.8357250799015],[-73.9345997682577,40.83572003380748],[-73.9346006300583,40.83571479638802],[-73.93460028983584,40.83570952455541],[-73.9346191349238,40.8356847561093],[-73.93464163907127,40.83567991938232],[-73.93467363613819,40.835656151293634],[-73.93467510914539,40.83562667679945],[-73.93470757260722,40.835598036532524],[-73.9347339324972,40.835587567638726],[-73.93475278250976,40.83555994071259],[-73.93475657295762,40.83553230526523],[-73.93478046231697,40.83548371439513],[-73.93477424314923,40.835427482650545],[-73.93477300861923,40.835407468038206],[-73.93478684030035,40.83537793234796],[-73.93482072984594,40.835367468361284],[-73.93484813571963,40.83535143220736],[-73.9348698506775,40.83533271563366],[-73.9348946004199,40.835254043122355],[-73.9349153357865,40.835230821938865],[-73.93493620828455,40.83508021765156],[-73.9349422585534,40.8350268754173],[-73.93495859566961,40.834882778542166],[-73.93497941208675,40.83478912095103],[-73.93498833140738,40.834748657391124],[-73.9349508717845,40.834706673367705],[-73.93495775984093,40.834682760363386],[-73.93496523015511,40.83465684845627],[-73.93496624164247,40.83462912264317],[-73.93497316061227,40.83462163453906],[-73.93497219073575,40.834608144295025],[-73.93499389736705,40.834597665680555],[-73.93503060323974,40.834392365341294],[-73.93503612427708,40.8342983203434],[-73.93503124118651,40.834248862347],[-73.93504212490845,40.834211399234526],[-73.9350764443672,40.83392404328672],[-73.93506958098244,40.83388731750224],[-73.93508341297209,40.83386559692927],[-73.93509687471865,40.833715357294835],[-73.93509690469148,40.83368463190988],[-73.9351038425559,40.83365765691787],[-73.9351124510007,40.833425739073505],[-73.9351174304808,40.83337703428144],[-73.93512041704271,40.83335380306749],[-73.93513225848734,40.83334482290504],[-73.93512636041808,40.833326080858896],[-73.93512935500891,40.83329460947997],[-73.93512443552916,40.83328111768265],[-73.93513826819081,40.833260143755744],[-73.93513729127854,40.83324141318863],[-73.9351304030063,40.833228667273524],[-73.93512154973723,40.83320169227411],[-73.93512352949845,40.833189699006326],[-73.93511565826194,40.83317620487783],[-73.93513243602678,40.83316272511778],[-73.93513935847687,40.83315149150297],[-73.93512752379401,40.83314248880914],[-73.93512465984583,40.83305106902939],[-73.93512171853354,40.83302859034761],[-73.93511580879876,40.83302184217259],[-73.93511187882297,40.83300310072929],[-73.93511979365462,40.8329836286768],[-73.9351178302051,40.8329671395271],[-73.93512376770067,40.83294541299681],[-73.93512085547357,40.832904195768556],[-73.93513170518379,40.83290269767377],[-73.93514455114395,40.832884722036574],[-73.9351672529468,40.832874991773366],[-73.93516480840945,40.83285288326432],[-73.93515659173437,40.832682405734744]]]]},"properties":{"shape_area":"23792907.8314","ntaname":"Harlem (North)","cdtaname":"MN10 Harlem (CD 10 Equivalent)","shape_leng":"32470.1550555","boroname":"Manhattan","ntatype":"0","nta2020":"MN1002","borocode":"1","countyfips":"061","ntaabbrev":"Hrlm_N","cdta2020":"MN10"}},{"type":"Feature","geometry":{"type":"MultiPolygon","coordinates":[[[[-73.94103496795258,40.79254666917777],[-73.93864883146107,40.79155775480535],[-73.93819346828454,40.7921881947456],[-73.93773611991232,40.79281580410132],[-73.93679209194667,40.79240392925611],[-73.93555312751045,40.79184222557383],[-73.93539920746304,40.79197068945394],[-73.93529038061364,40.79187313717619],[-73.935240607788,40.791833875513326],[-73.93519360465874,40.79179799905798],[-73.93513822041692,40.791752834631055],[-73.93510751461542,40.791729199490696],[-73.93508309445134,40.791709617466864],[-73.93505405969788,40.79168623135802],[-73.93510764491633,40.791648888699754],[-73.935171824516,40.79160473956751],[-73.93526809778344,40.791528026303006],[-73.93526500788931,40.79152576348125],[-73.93519039296174,40.79147116012914],[-73.93546762088405,40.79126365205758],[-73.93553896695929,40.7913186936598],[-73.93583106788897,40.79109470487029],[-73.93602391823829,40.79082912762338],[-73.93632010870559,40.79042595815117],[-73.93669302210014,40.789913049159104],[-73.93706168747107,40.78941358971094],[-73.93705304512744,40.789406416757124],[-73.93708104382291,40.78936639571005],[-73.93707246262223,40.789345841886174],[-73.93701479686683,40.78932128168751],[-73.9361407331407,40.788949073913095],[-73.93612836235297,40.78893853005969],[-73.93612689213508,40.78892686848768],[-73.93621859869943,40.78880049757434],[-73.93622751229212,40.78879561294952],[-73.93624303324994,40.788795774654695],[-73.93714965461052,40.78916844956212],[-73.93722890167288,40.788996308037184],[-73.93739788609345,40.7886217193409],[-73.93741675677477,40.78857976101374],[-73.93754989162562,40.78828374452885],[-73.93763482912324,40.78809424431225],[-73.93768669385376,40.78797356057904],[-73.9376956302226,40.78795729352051],[-73.93774122176144,40.78785390485346],[-73.93777363255053,40.787783358565186],[-73.93781722692903,40.787688468680884],[-73.93794768910857,40.78747729942891],[-73.93794590851304,40.78746915825276],[-73.93795930775185,40.78745627993007],[-73.93797181735226,40.78743187388473],[-73.93811570089716,40.78718476275642],[-73.93813356193037,40.787165789895894],[-73.93819429625309,40.787097330299815],[-73.93824519951461,40.78704106760554],[-73.93853937331639,40.78671077700013],[-73.93926642644561,40.78588875256459],[-73.93982619696507,40.78525655191298],[-73.93983453997964,40.78525397185659],[-73.93984282390943,40.78525140986145],[-73.93985267603377,40.78524393165023],[-73.939880455607,40.785232375007574],[-73.9398885206169,40.78522352784968],[-73.9399100328247,40.78521196675804],[-73.93992974399404,40.785201766033936],[-73.93995483679325,40.78518952279453],[-73.93998978019029,40.785170477290244],[-73.94001308386677,40.785156874309024],[-73.94002473252587,40.78515347592322],[-73.94004982707635,40.78513851372891],[-73.94006415729037,40.785131030122685],[-73.94011434323865,40.78510382464469],[-73.94014947276226,40.78508725588211],[-73.94018512931089,40.78506620155816],[-73.94020230181297,40.785059187140405],[-73.94022475284191,40.785045150788434],[-73.94023795768307,40.78503713468407],[-73.94026700995506,40.785022101453464],[-73.94036209351322,40.78497198408235],[-73.94045320748533,40.78492287258093],[-73.94053377198208,40.78487877160592],[-73.94055093807795,40.78486674109108],[-73.94058130200904,40.78485370870926],[-73.94059054968368,40.78484668914214],[-73.94062357057605,40.784829650914276],[-73.94067374402148,40.78480359792666],[-73.94071732676353,40.78478054056455],[-73.94072128361546,40.78478054259991],[-73.94074901654395,40.78476751820188],[-73.94076750825941,40.784757495121326],[-73.9407886800606,40.78474744929122],[-73.94083088142574,40.78472742455643],[-73.94102499731875,40.78463522248641],[-73.94108573710604,40.78460916701935],[-73.94111082838901,40.78459714817792],[-73.94113723613098,40.784583114004285],[-73.94117288854771,40.78456607696256],[-73.94144612018889,40.78443147435424],[-73.94152576810184,40.7843909009699],[-73.94167454195741,40.78431383063198],[-73.94185448592167,40.784220747180065],[-73.94201431753095,40.784137584897444],[-73.94217918595554,40.78405136339486],[-73.94231388874364,40.78398116526389],[-73.94239128520914,40.78394072668527],[-73.94243451137065,40.78391783032244],[-73.94246970378653,40.78389646094678],[-73.9425722552491,40.78382472365282],[-73.9426044272356,40.78380183093078],[-73.9426737981823,40.783753743649754],[-73.94278137533362,40.783678190096545],[-73.94286783792664,40.78361865580257],[-73.94293520531122,40.78357210608965],[-73.94301663136883,40.78351486596114],[-73.94311516211339,40.78344617012714],[-73.94316141910545,40.78341182999222],[-73.94320565536934,40.78336984298774],[-73.94323985739699,40.783327852196955],[-73.94327003035721,40.78328815417424],[-73.94331027382064,40.78323318044389],[-73.94334749366351,40.783182033501156],[-73.94339679077277,40.783109502846486],[-73.94344105526409,40.78304918212814],[-73.94355143839495,40.78290350798577],[-73.94354420712477,40.78288052432528],[-73.94364823450802,40.7826561618355],[-73.9436735813055,40.78271662373025],[-73.94376005208356,40.7828289322194],[-73.94383256609856,40.78285908997754],[-73.94389324473693,40.78288772733195],[-73.94395460074938,40.7829155201534],[-73.94405439380174,40.78296435854855],[-73.94464665903752,40.78321787430499],[-73.94472264438717,40.78324757314367],[-73.94592185905542,40.783752798856916],[-73.94644497128868,40.78397317908006],[-73.94708951828564,40.78424490579457],[-73.94784345948781,40.78456375606808],[-73.94877626223455,40.78495823592676],[-73.9493317056096,40.78519312655763],[-73.95033803998145,40.78561715001266],[-73.95092812655976,40.78586538067472],[-73.95129670853079,40.78602007486519],[-73.95222947470891,40.78641155023136],[-73.95246430034467,40.786510431922935],[-73.95255145469024,40.7865485806622],[-73.9526613657382,40.78659502062899],[-73.9534164669038,40.786912571139204],[-73.95371344994429,40.7870375860291],[-73.95416476904342,40.787227563576124],[-73.95577735758026,40.78791392447048],[-73.95528233414731,40.78858445548806],[-73.9551041694836,40.788822072422974],[-73.9548172368436,40.78920474503976],[-73.95439919103121,40.78977490866739],[-73.9538891701477,40.79047049955923],[-73.95343683772941,40.79108514204158],[-73.95316044840521,40.79146688188584],[-73.95309827540682,40.79155275291239],[-73.95297740553518,40.791719693670686],[-73.95252222638698,40.79234762289535],[-73.95207127012492,40.792981172485746],[-73.95160265364838,40.79360780661899],[-73.95111102306241,40.794285035824224],[-73.95062885387499,40.79495959204615],[-73.950158211608,40.79558773217425],[-73.94968682842153,40.796216985882765],[-73.94942287749444,40.796606384830625],[-73.94923327016367,40.7968719999052],[-73.94906517792765,40.7971004941059],[-73.94878702678886,40.79748283900461],[-73.9483112532211,40.79812921756627],[-73.94722520736575,40.79767168646032],[-73.94670030839073,40.79745054371741],[-73.94566684625886,40.797008344339304],[-73.94556506648554,40.7969647951147],[-73.94522698753265,40.79682013379917],[-73.9450961463569,40.796763483463565],[-73.94495942782794,40.796705741595396],[-73.94421313756244,40.79638585793338],[-73.94415121599776,40.796359316618826],[-73.94348323961806,40.796072993572125],[-73.94287776087002,40.79582167148397],[-73.94275347928573,40.795770084668995],[-73.94247923025895,40.795656248256805],[-73.94232710803183,40.79559310276912],[-73.9418760457263,40.79540586955266],[-73.94234988027561,40.7947553249772],[-73.94281007232331,40.794131452665006],[-73.94327251058219,40.79348810394014],[-73.94103496795258,40.79254666917777]]]]},"properties":{"shape_area":"16653939.6731","ntaname":"East Harlem (South)","cdtaname":"MN11 East Harlem (CD 11 Equivalent)","shape_leng":"21636.7245234","boroname":"Manhattan","ntatype":"0","nta2020":"MN1101","borocode":"1","countyfips":"061","ntaabbrev":"EstHrlm_S","cdta2020":"MN11"}},{"type":"Feature","geometry":{"type":"MultiPolygon","coordinates":[[[[-73.9271851473424,40.79734989711513],[-73.92735485441726,40.79731658128889],[-73.92734692252739,40.79729390212044],[-73.92767122620857,40.79721701426628],[-73.92770694127172,40.79729866287705],[-73.92738263624605,40.79737706257532],[-73.9273667559454,40.797346820344465],[-73.9272029970413,40.79738674846954],[-73.9271851473424,40.79734989711513]]],[[[-73.92672091168967,40.80041421094363],[-73.92653846389969,40.80033389881051],[-73.92655351565463,40.8003151729209],[-73.92674263892941,40.80040349947537],[-73.92673683953142,40.800411470979334],[-73.92672526216894,40.800407338320284],[-73.92672091168967,40.80041421094363]]],[[[-73.92666565480394,40.800182714035806],[-73.92669572541307,40.800146977654556],[-73.9272477078927,40.80039295736903],[-73.92711464230625,40.800563756229614],[-73.92706696628478,40.80054301212584],[-73.92716933022416,40.80040585419873],[-73.92666565480394,40.800182714035806]]],[[[-73.92688606021946,40.800840648871564],[-73.9265095486725,40.800657032027196],[-73.926552416761,40.80060482609666],[-73.9268452842956,40.80073964721545],[-73.92683162740748,40.80076552901469],[-73.92686908679453,40.80078367679933],[-73.92699531303118,40.80063617610431],[-73.92704640297914,40.80065174303135],[-73.92688606021946,40.800840648871564]]],[[[-73.9338261413771,40.81935642975038],[-73.93380019473052,40.81834975887405],[-73.93379334625767,40.81777660857975],[-73.93378997399208,40.81715137370167],[-73.93380589881859,40.81651249324713],[-73.93382900884613,40.81558536018754],[-73.93394608825335,40.815587624739194],[-73.93394609933712,40.81557645756473],[-73.93394170146236,40.815565298418306],[-73.93394905857511,40.81555636955854],[-73.93395054151384,40.81554298000999],[-73.93394173470436,40.81553180845378],[-73.93394175021217,40.815516184963364],[-73.93395205657991,40.8154972177167],[-73.93395353730935,40.815486052389076],[-73.93393445709587,40.81547153450896],[-73.93394623227597,40.81544251797637],[-73.93393892276201,40.81541572478313],[-73.93394921255478,40.815401223729296],[-73.93394628434696,40.81539005487058],[-73.93395659090885,40.81537220417385],[-73.93394853112737,40.81534820150889],[-73.93394855439136,40.81532476149807],[-73.9339485843048,40.81529462168481],[-73.93395302092101,40.81526672687833],[-73.93395452158148,40.81523547252928],[-73.93394426378208,40.81520532631947],[-73.93394870283085,40.81517519841292],[-73.93394725313905,40.815155097995785],[-73.93396344530987,40.815129443023544],[-73.93396788302566,40.81510042245196],[-73.9339635051224,40.81506916406501],[-73.9339694135804,40.8150390271146],[-73.93398565957801,40.81494751092487],[-73.93398936930922,40.814912357030956],[-73.93398203685818,40.81489561278118],[-73.93398352753833,40.814874397496446],[-73.93397473519484,40.81484872821337],[-73.93398210661385,40.814825293078414],[-73.93397332647184,40.814787332362926],[-73.93399097511455,40.81477506811666],[-73.93397776416138,40.81475831111917],[-73.93398954202202,40.81473822815878],[-73.93399543936373,40.81471925838148],[-73.93398075656543,40.81470474302449],[-73.93398224834044,40.81468242006775],[-73.93398523963995,40.8146299586384],[-73.93397645065996,40.814600930825314],[-73.93396620950391,40.8145652107489],[-73.93399121978341,40.81452838643416],[-73.93401476726973,40.81448375262482],[-73.93385652572606,40.81448147492147],[-73.93386230972851,40.81424929581795],[-73.93386391449228,40.81419273778611],[-73.93386510261887,40.81415315795565],[-73.93386927846737,40.81410117431405],[-73.93387232548908,40.81406326476331],[-73.93392984600135,40.813347691136414],[-73.93398178986824,40.812814635545266],[-73.93400770204929,40.812608498697294],[-73.93403843917824,40.81234088057362],[-73.93409306691906,40.81196840253083],[-73.93413711416108,40.811712370422],[-73.93419558749105,40.811393178195544],[-73.93428227801445,40.81082305000609],[-73.93430417398088,40.810481665612606],[-73.93431440507302,40.81032226491134],[-73.93434080971474,40.809927582749594],[-73.9343386458468,40.80956221433401],[-73.9342139101693,40.80905917429527],[-73.93419639195717,40.80903185208507],[-73.9341353262405,40.80873639051423],[-73.93412073484292,40.80865645197746],[-73.93356119245327,40.807600677386304],[-73.93332852361887,40.80731894596042],[-73.9332590953999,40.807237245206736],[-73.93318395639854,40.80715619729455],[-73.93317413539488,40.80714539094996],[-73.93308471749702,40.80702691470213],[-73.9329328832928,40.806871022133926],[-73.93263088267565,40.80655293390689],[-73.93239017119203,40.806299140465995],[-73.93154417434285,40.805397783829264],[-73.9314960419243,40.80535115420884],[-73.93147549592479,40.805328092435545],[-73.93146707188332,40.80530596980566],[-73.93144891427829,40.80529764576169],[-73.93143198588065,40.80528195738803],[-73.93140904210988,40.80524691381147],[-73.9313909010205,40.805233070162714],[-73.93130511520292,40.80513160595736],[-73.93126947240515,40.80509055421509],[-73.93115949987322,40.804966940262474],[-73.93112688759328,40.80492267799733],[-73.93111408924754,40.804904350010304],[-73.9310979084433,40.804881178032105],[-73.93107375323181,40.804847051027934],[-73.93103390093881,40.80479448271693],[-73.93102787741594,40.80478249455927],[-73.93097654532366,40.804715632512085],[-73.9309753529656,40.80470549889526],[-73.93095843210773,40.80468704529111],[-73.93093429158846,40.804652918767935],[-73.93090936516813,40.80461939402005],[-73.93082801324279,40.80450996680587],[-73.93080628114511,40.80447400780626],[-73.930716303165,40.80435549733259],[-73.93071028702613,40.804340744668096],[-73.93069577525917,40.80432598756611],[-73.93068733276404,40.80431031272547],[-73.93063902816995,40.80424575296044],[-73.93063179494806,40.8042300795132],[-73.93061004100664,40.80420701568158],[-73.93057261208953,40.80415260421615],[-73.93057263757132,40.80414339237886],[-73.93054243306817,40.80410741783792],[-73.93044280213056,40.80397414959683],[-73.93040536964529,40.80392066565746],[-73.93035344986744,40.80384780424039],[-73.93033292065559,40.8038192136144],[-73.93030876458822,40.803786014865565],[-73.93027860567426,40.803734379728255],[-73.93026171394952,40.80370579413693],[-73.9301917546035,40.80358316519042],[-73.93018329452507,40.803573947711],[-73.93006020693792,40.80336164866314],[-73.93001261302958,40.803287498428816],[-73.92997373618633,40.80319646747155],[-73.92997862176993,40.80319024488244],[-73.93004460838803,40.80310611227295],[-73.93000931090494,40.80304013465472],[-73.92998288427755,40.802984752494254],[-73.92991008609884,40.80286455074749],[-73.92988948082964,40.80283035745912],[-73.92978668000143,40.80266074871753],[-73.92969251214595,40.80244028594797],[-73.92957693839438,40.8021800257183],[-73.92952043928469,40.80205347961556],[-73.92945366333548,40.80190736833346],[-73.92943654118756,40.801861711857434],[-73.92935435998567,40.80167125043791],[-73.92933126971816,40.801598853990896],[-73.92930220396828,40.80149580134899],[-73.92927487688024,40.80137319023274],[-73.92920817595964,40.80114752061129],[-73.92911838814166,40.80111300372896],[-73.92903490240303,40.8010809038519],[-73.92902671406671,40.80096986031436],[-73.92902123584638,40.800895572561735],[-73.92901644642036,40.800830715542126],[-73.92900788120595,40.80077234912544],[-73.92899994866282,40.80071009819532],[-73.92898618762995,40.8006021231194],[-73.92895348657603,40.80030936798214],[-73.92893763668584,40.80017084377773],[-73.92890152344229,40.79985521416019],[-73.92891942515726,40.7994581869941],[-73.92894396880828,40.798911588935084],[-73.92897121002336,40.798258860579764],[-73.92903640113434,40.7967625946035],[-73.92905461028752,40.7966944338674],[-73.92927936741167,40.79585313952068],[-73.92930773275847,40.795810257453084],[-73.9295305805685,40.79550779885189],[-73.9296829425107,40.795296234265756],[-73.92974594625429,40.79520874873628],[-73.92987485778255,40.79503515622581],[-73.92984244753393,40.79501503835851],[-73.92985144395367,40.79500139992606],[-73.92980955349977,40.794983166296774],[-73.92983254042477,40.79494906164345],[-73.92988740651907,40.79496729260402],[-73.92990139788348,40.794946824865086],[-73.92991636120536,40.79494911263968],[-73.92993735334552,40.794918786284455],[-73.92992039501154,40.794909671827526],[-73.93006881035544,40.794700828605485],[-73.93010771028094,40.79471299156634],[-73.93019664392948,40.79459322384971],[-73.93041980479964,40.79447087234865],[-73.93111408045324,40.7940965013439],[-73.93142758557951,40.793927988382855],[-73.93165821105735,40.7938017404392],[-73.93179292520355,40.79372796128848],[-73.93187500171737,40.79368192184374],[-73.93201001457182,40.79360548616993],[-73.93207886021811,40.793566508331296],[-73.93235128869026,40.793413845653895],[-73.93250920949674,40.79333190154458],[-73.9325385265489,40.793316682135455],[-73.93267239130842,40.793248233275506],[-73.93287712655037,40.793130251870494],[-73.93310683207811,40.79299532820958],[-73.93324587394584,40.79291429653173],[-73.93327131954996,40.792899463351326],[-73.93348489644694,40.792774170830015],[-73.93372790503643,40.792601477868566],[-73.93388785265695,40.792489477017156],[-73.93406997726625,40.79235829327043],[-73.93427221714543,40.79221731630047],[-73.93434032786621,40.792167968054656],[-73.93451042548634,40.792051294646434],[-73.93473881584501,40.79190076820265],[-73.93505405969788,40.79168623135802],[-73.93508309445134,40.791709617466864],[-73.93510751461542,40.791729199490696],[-73.93513822041692,40.791752834631055],[-73.93519360465874,40.79179799905798],[-73.935240607788,40.791833875513326],[-73.93529038061364,40.79187313717619],[-73.93539920746304,40.79197068945394],[-73.93555312751045,40.79184222557383],[-73.93679209194667,40.79240392925611],[-73.93773611991232,40.79281580410132],[-73.93819346828454,40.7921881947456],[-73.93864883146107,40.79155775480535],[-73.94103496795258,40.79254666917777],[-73.94327251058219,40.79348810394014],[-73.94281007232331,40.794131452665006],[-73.94234988027561,40.7947553249772],[-73.9418760457263,40.79540586955266],[-73.94232710803183,40.79559310276912],[-73.94247923025895,40.795656248256805],[-73.94275347928573,40.795770084668995],[-73.94287776087002,40.79582167148397],[-73.94348323961806,40.796072993572125],[-73.94415121599776,40.796359316618826],[-73.94421313756244,40.79638585793338],[-73.94495942782794,40.796705741595396],[-73.9450961463569,40.796763483463565],[-73.94522698753265,40.79682013379917],[-73.94556506648554,40.7969647951147],[-73.94566684625886,40.797008344339304],[-73.94670030839073,40.79745054371741],[-73.94722520736575,40.79767168646032],[-73.9483112532211,40.79812921756627],[-73.94820641449834,40.798272851098005],[-73.94815384258706,40.79834487657812],[-73.94810108960384,40.798417148883715],[-73.94805130136847,40.79848535985405],[-73.94784679052711,40.79876554320314],[-73.94781662986676,40.79880686297172],[-73.94775716402708,40.79888833204061],[-73.9477105589113,40.798952180613114],[-73.94741996169064,40.79935029529543],[-73.94737599778541,40.79941052472026],[-73.94732771426395,40.79947667147831],[-73.9472801823128,40.79954178928631],[-73.94697366652677,40.79996170341212],[-73.94646133719719,40.800665306384275],[-73.94596789661182,40.80134239517209],[-73.94550863852011,40.801970231741926],[-73.9450512789632,40.802598598717104],[-73.94475976480123,40.80300304149275],[-73.9445991520805,40.80322504834247],[-73.94470926046543,40.80327192790181],[-73.94561836397996,40.80365897805439],[-73.94620045768927,40.803906522432115],[-73.94573321239875,40.80453203335615],[-73.94527043727432,40.8051683690608],[-73.94480742947475,40.80578880916317],[-73.9443558695654,40.80641358791125],[-73.94377476780275,40.8061705926546],[-73.94315770319467,40.805912805239],[-73.942855501546,40.80578655495571],[-73.94275367162054,40.80574401279432],[-73.94226311088802,40.806415738247374],[-73.94177140103841,40.807089000851946],[-73.9413174228129,40.80771334638061],[-73.94086063043315,40.80833426759862],[-73.94040344747809,40.80895809614743],[-73.939948759109,40.809581418032344],[-73.93949397407617,40.81020880953285],[-73.9390175324844,40.81085655687419],[-73.93874394437563,40.811230820566536],[-73.93863753172272,40.811376389071505],[-73.93838748441648,40.81171844357844],[-73.93830924976865,40.811825464010916],[-73.93820642556017,40.81196760479732],[-73.93813552253167,40.81206561923162],[-73.93761714797354,40.81274036533323],[-73.93714398336014,40.813421041444165],[-73.93708163628833,40.81350614105227],[-73.93668854816602,40.81404163072298],[-73.93622962288423,40.81464739096738],[-73.9361355433089,40.81478812764453],[-73.9360507651192,40.81490801561888],[-73.93599371262924,40.814988693569646],[-73.93575548122583,40.81532558429662],[-73.93487343768776,40.81652784801986],[-73.93463790184465,40.816908048977304],[-73.93445400072711,40.81718852906107],[-73.93423519483304,40.817554881717534],[-73.93412816606748,40.81773396351822],[-73.93407463845418,40.81782651394788],[-73.93408481947195,40.817930862509726],[-73.93423575984355,40.81864931975351],[-73.93429487719855,40.818904986776445],[-73.93433846858034,40.818757475236154],[-73.93442913125868,40.819123401230925],[-73.9344362759638,40.81915223690736],[-73.93445248158015,40.81932730707088],[-73.93446032007955,40.819407171394246],[-73.93447015541103,40.81959784047513],[-73.93447523610446,40.81969749639624],[-73.9344003987707,40.819667783438916],[-73.93431276753601,40.81962986684863],[-73.93411701628979,40.81955053491054],[-73.93383000629757,40.81949109558734],[-73.9338277742164,40.81941549542147],[-73.9338261413771,40.81935642975038]]]]},"properties":{"shape_area":"26119317.1689","ntaname":"East Harlem (North)","cdtaname":"MN11 East Harlem (CD 11 Equivalent)","shape_leng":"37229.5260912","boroname":"Manhattan","ntatype":"0","nta2020":"MN1102","borocode":"1","countyfips":"061","ntaabbrev":"EstHrlm_N","cdta2020":"MN11"}},{"type":"Feature","geometry":{"type":"MultiPolygon","coordinates":[[[[-73.91639852914044,40.79768484203908],[-73.91545470966419,40.79706346603105],[-73.91443827233297,40.79566551786388],[-73.91380428276814,40.794511846455976],[-73.9137838537053,40.79383628598468],[-73.91459208401567,40.79277660246127],[-73.91514134426232,40.7920124819898],[-73.91535698910359,40.79184304950778],[-73.91552117846275,40.79178325024939],[-73.91630574681669,40.791117480334336],[-73.9161708792398,40.791014293373834],[-73.91686540584884,40.7903620634642],[-73.91707923528288,40.79045667472509],[-73.9171062224675,40.79046861723894],[-73.91784071922031,40.7901713199375],[-73.91812330871126,40.79004023993426],[-73.91843338465661,40.78980396433679],[-73.9185629977498,40.78969533382593],[-73.91859001366844,40.78947410340609],[-73.91850876959032,40.789425090272],[-73.92189248128827,40.78570327014581],[-73.92199539273011,40.785756078312545],[-73.92219098057228,40.78551067207641],[-73.92243512114936,40.78478283756507],[-73.92285203280137,40.783555693417725],[-73.92306473139391,40.78334288477438],[-73.924011457827,40.782660689322476],[-73.9240136473876,40.782657643982596],[-73.92406208829235,40.78259027794949],[-73.92412113996787,40.78252307401085],[-73.92423621875935,40.7824969145842],[-73.92424754901657,40.78249433912661],[-73.92431077958685,40.78245595655432],[-73.92448052280362,40.78232049114847],[-73.92467329671872,40.78224486000105],[-73.92488394771702,40.78222258277366],[-73.92506087908752,40.782216294475475],[-73.92514021519146,40.78224376759573],[-73.92515351840345,40.78224837480789],[-73.92524195308027,40.78227404935124],[-73.92538939087945,40.78227414490151],[-73.92571808678522,40.7821765579446],[-73.92713754068623,40.7811942686236],[-73.92732422574852,40.781090629324304],[-73.92754410768622,40.78105063439657],[-73.9276039547454,40.78103974834906],[-73.9276965061651,40.78101478553298],[-73.92778746495141,40.78098985883521],[-73.92810118899118,40.78092032054418],[-73.92849269407039,40.781008353982536],[-73.92917352724466,40.781410579211936],[-73.9303098812945,40.782077335790675],[-73.93063819536843,40.782261413550636],[-73.93105352653514,40.782396594570876],[-73.93267080610364,40.78269364029496],[-73.93502345068339,40.783006382531084],[-73.93540566196114,40.78339449926762],[-73.93581299666373,40.78371008153683],[-73.93598225918352,40.78394236877603],[-73.93607064616933,40.784217216290415],[-73.93605332620248,40.784512368487945],[-73.9360027115254,40.784675371309596],[-73.93591823839989,40.78480688063354],[-73.93579345216511,40.78525478197341],[-73.93576384680703,40.78544603929202],[-73.9357126586545,40.785680489491845],[-73.93312843380782,40.788710179987625],[-73.93269605998155,40.78917822366439],[-73.9324014544746,40.78972029117499],[-73.93224073196632,40.78969485023962],[-73.93210528957296,40.78983395261038],[-73.93147595263682,40.7904791592576],[-73.93084178651056,40.79099143050364],[-73.93072940415645,40.79095511443036],[-73.92978442942226,40.791341475226204],[-73.92972400693692,40.79136617884513],[-73.92966610476422,40.791355787122704],[-73.9287194892678,40.790943532512465],[-73.92859459781792,40.79096692497365],[-73.92807273575714,40.79082339078053],[-73.92737326765916,40.79081082583638],[-73.9269225825702,40.790788694009315],[-73.92680823694616,40.79076444037098],[-73.92666714346049,40.7907345137873],[-73.92641834043047,40.79069337588456],[-73.92625431448607,40.790694533519634],[-73.9261041018663,40.79073160761992],[-73.9260623796071,40.79082784901676],[-73.92606557868457,40.79093651775732],[-73.9260858757356,40.791003808870116],[-73.92608911414781,40.79109178090734],[-73.92604469764133,40.7911771114957],[-73.9260479360081,40.791265083196706],[-73.92608660462263,40.79135367719537],[-73.92611233678316,40.79141262802811],[-73.92615293285417,40.79154721022389],[-73.9261596038363,40.791619661573385],[-73.92615942249715,40.79171538949727],[-73.92627168524756,40.79175690908851],[-73.9264418232355,40.7917959050671],[-73.9265472965412,40.79182706583121],[-73.92656766185677,40.791858134780874],[-73.92651312053377,40.791896885265054],[-73.92627826337043,40.79187851860307],[-73.92614555630412,40.791847325403246],[-73.92592763081436,40.791875546886935],[-73.92576426132041,40.79185725726286],[-73.925635569075,40.79182215770041],[-73.92558729813425,40.79182083157666],[-73.92558041107951,40.791854466507935],[-73.92560756026242,40.791895907466404],[-73.92616939779387,40.79189922370751],[-73.92642805817883,40.79195649104621],[-73.92662898356902,40.79194639841994],[-73.9266666236929,40.79194019060833],[-73.92673798802822,40.79192842329415],[-73.92670074590112,40.791832621154235],[-73.92663954546589,40.79179113499631],[-73.92657824743144,40.79179364485889],[-73.92650678778645,40.79177284915211],[-73.92636742573532,40.791661388335015],[-73.92633032267265,40.791503476556485],[-73.92634451435359,40.79124728962129],[-73.9264265427168,40.79111023509127],[-73.92648802898653,40.79102232480257],[-73.9265658472775,40.79097950221524],[-73.92670272173997,40.790968159772234],[-73.92673885500055,40.79097412067402],[-73.92682874565172,40.79098895265605],[-73.92694455985608,40.79099938202467],[-73.92701950679614,40.79099942950566],[-73.92711487726501,40.79101502446063],[-73.92716599667955,40.790996933404465],[-73.92724094141263,40.79099698074007],[-73.92731587858611,40.791007384928484],[-73.92738061502072,40.790997068828815],[-73.92743856820026,40.790960857748274],[-73.92751010672687,40.7909609027644],[-73.92756120566025,40.79096352382499],[-73.92756754976591,40.790963170983574],[-73.92765318945972,40.79095840339855],[-73.92778409928432,40.7909416043243],[-73.92786889152922,40.790954838633894],[-73.92789328642768,40.79097884668045],[-73.92790202719486,40.79100981883412],[-73.92791053566319,40.79103914658258],[-73.92789374344297,40.79109111141999],[-73.92765982740009,40.79134833503282],[-73.92757830229536,40.791460474739196],[-73.92732065620426,40.7917431604591],[-73.92727664424143,40.791767328014515],[-73.92723285964254,40.79179136837754],[-73.92713563728074,40.79192930660319],[-73.92780141340143,40.79199747926158],[-73.92800053440226,40.792133640906115],[-73.92826720207927,40.792328524450234],[-73.92833773179234,40.792856549777305],[-73.92834291137382,40.79291805857663],[-73.92834212708986,40.7929796903295],[-73.92833538316883,40.79304111148793],[-73.92832271609186,40.79310198964284],[-73.92829530976809,40.79316116875432],[-73.92826520855155,40.793212875065876],[-73.92735331992384,40.79446189460898],[-73.92726057170684,40.794729833792786],[-73.92724376504256,40.794779176730515],[-73.92709782667097,40.79510360546264],[-73.92705122724003,40.79517849299494],[-73.927011585341,40.79525565967665],[-73.92697909251402,40.79533473270426],[-73.92695390576304,40.79541533006291],[-73.92693614679627,40.79549706237233],[-73.92692590143857,40.79557953476748],[-73.92692321921508,40.79566234880639],[-73.92690492573979,40.795983851870155],[-73.92689127294625,40.79622389799181],[-73.92689066829647,40.796234524221376],[-73.9268896782797,40.79625201136026],[-73.92695192289807,40.79670843295407],[-73.92703845583367,40.79698879641958],[-73.92711806812495,40.797203861737316],[-73.92718514690121,40.79734989744985],[-73.9272029970413,40.79738674846954],[-73.92721689169032,40.79741543349723],[-73.9272772026882,40.79740745381873],[-73.9274392203096,40.79771053871768],[-73.92747588537284,40.79812290033468],[-73.92726293136896,40.79891864562369],[-73.92700154655638,40.79961898498605],[-73.9269199561581,40.79983759098004],[-73.92690105312077,40.79988823684875],[-73.92688261600044,40.7999407685023],[-73.926854101726,40.7999875595487],[-73.92680607643467,40.800035901040296],[-73.92669572541307,40.800146977654556],[-73.92666565480394,40.800182714035806],[-73.92655351565463,40.8003151729209],[-73.92653846389969,40.80033389881051],[-73.92650250187273,40.80037491780902],[-73.9266847062109,40.80045475775843],[-73.926552416761,40.80060482609666],[-73.9265095486725,40.800657032027196],[-73.92588046205488,40.80155174192531],[-73.92582494550494,40.8016424902803],[-73.92577551723554,40.8017306009958],[-73.925698261787,40.80181087135061],[-73.92549293492971,40.80195616932083],[-73.9252903042699,40.80199558626738],[-73.92527521020176,40.8019985222408],[-73.92436044107556,40.80198555341897],[-73.92263378594822,40.801868738643705],[-73.922155388988,40.8016264699749],[-73.92191092229626,40.801502665751045],[-73.92133752419392,40.800852106497096],[-73.9211359464301,40.80047545959358],[-73.92103317578996,40.800265281857676],[-73.92083898713122,40.8000125980067],[-73.92057878116655,40.799668148460334],[-73.92035479893731,40.7994228523606],[-73.9203146552122,40.799375459290076],[-73.91923785764347,40.798881067682856],[-73.91914573748237,40.798838987346],[-73.91906560282126,40.79880279731939],[-73.91899496843494,40.79877184270197],[-73.9189872445785,40.79876971221989],[-73.91891076100626,40.79874013786575],[-73.91797992058127,40.79838020243011],[-73.91790279811006,40.79836265272898],[-73.91662985181601,40.79785813993926],[-73.91639852914044,40.79768484203908]]]]},"properties":{"shape_area":"23466535.4945","ntaname":"Randall's Island","cdtaname":"MN11 East Harlem (CD 11 Equivalent)","shape_leng":"28220.9641658","boroname":"Manhattan","ntatype":"9","nta2020":"MN1191","borocode":"1","countyfips":"061","ntaabbrev":"RndllsIsl","cdta2020":"MN11"}},{"type":"Feature","geometry":{"type":"MultiPolygon","coordinates":[[[[-73.93139355315762,40.8474282314095],[-73.93185010207404,40.84680263394174],[-73.9319150728881,40.84671052361163],[-73.93198004351933,40.846618416091346],[-73.932010029485,40.846575966035395],[-73.93204002689346,40.84653350659678],[-73.93207258053921,40.8464956790076],[-73.93210093593636,40.84645773049875],[-73.93218663369647,40.84634306745003],[-73.93224030048665,40.8462646031227],[-73.93232515234388,40.84615390123642],[-73.9327702041393,40.84554110663326],[-73.93315044085307,40.845021943384204],[-73.93323248402042,40.84490992227746],[-73.93371553768912,40.84424637517025],[-73.93421198409385,40.84356890384775],[-73.9344084192584,40.843307181561606],[-73.93467106292502,40.84295724362506],[-73.93514017328273,40.84231167399159],[-73.93556697174424,40.841712527557945],[-73.93561105018432,40.84160899536737],[-73.93561108491228,40.841608896715286],[-73.9356111103666,40.84160880727182],[-73.93563664935914,40.841500195283146],[-73.9356366611035,40.84150014034191],[-73.93564243511322,40.84138944605571],[-73.93564244828497,40.84138928373256],[-73.93564242460909,40.841389131105224],[-73.93562830109505,40.84127961412732],[-73.93562826648598,40.841279362152285],[-73.93562818379834,40.84127910026653],[-73.93559506228506,40.84117340059595],[-73.93543637028168,40.84075133160857],[-73.93529543123067,40.84047481915908],[-73.93519180546727,40.84033568827696],[-73.93519169928565,40.84033554431438],[-73.93519161560351,40.84033540053196],[-73.93510666548433,40.84018372733779],[-73.93504376710881,40.84002162122259],[-73.93504374333828,40.84002156743407],[-73.93504373258284,40.84002151298278],[-73.93500577712473,40.83985201013679],[-73.93500575273642,40.83985191145155],[-73.93500574203406,40.83985180272259],[-73.93499462352834,40.839678217187874],[-73.93499462360674,40.83967813694402],[-73.93499463603875,40.839678055702],[-73.9350111920747,40.839503972464634],[-73.93505508758878,40.83933323616285],[-73.93512471704234,40.8391696379316],[-73.93512477630729,40.83916948484818],[-73.93512487130586,40.83916933228743],[-73.93521769444548,40.839015921765025],[-73.93521772912962,40.83901586733928],[-73.93521776534752,40.839015823468365],[-73.93533051841037,40.83887504026186],[-73.93533061316286,40.838874912996886],[-73.93533073260954,40.838874796802344],[-73.93545962139879,40.83874840426445],[-73.93563711269499,40.83863142004579],[-73.93580416610641,40.83850497704381],[-73.93595950279861,40.83836989847538],[-73.9361020043897,40.83822716914277],[-73.93623075692032,40.83807785688721],[-73.93638316770867,40.837850125052704],[-73.9366907856771,40.837193249531765],[-73.93702353868504,40.83646894776551],[-73.93738281059409,40.835690729391224],[-73.93775116167781,40.834890577442856],[-73.93786201267388,40.834637275040166],[-73.93789559162978,40.83454677396279],[-73.93793620162947,40.834457950921966],[-73.93798369871527,40.83437112072407],[-73.93803791452228,40.834286591111216],[-73.93809865687534,40.834204661670654],[-73.93816571059287,40.83412562251793],[-73.93823883790829,40.83404975404261],[-73.93831777962814,40.833977325133],[-73.9384022559546,40.83390859248634],[-73.93849196747733,40.833843799699046],[-73.9391548781989,40.83327799289704],[-73.9392284823393,40.83323180949471],[-73.93929799650181,40.833182104490284],[-73.93936312916999,40.83312908633469],[-73.93942360720432,40.83307297737285],[-73.93947917698756,40.83301401291127],[-73.93952960549393,40.83295244008646],[-73.93957468123695,40.83288851726149],[-73.93961421519779,40.832822512510006],[-73.93964804159974,40.83275470263585],[-73.9396760186032,40.83268537201213],[-73.93976104123513,40.83250964710583],[-73.94010826344588,40.83203576285547],[-73.94016657824272,40.83196100868564],[-73.94021914474907,40.83188383423772],[-73.94026578947862,40.83180449424158],[-73.94030635908888,40.83172325058048],[-73.94034071909108,40.83164037137914],[-73.94036875609729,40.83155613019511],[-73.94034643247481,40.8304578433521],[-73.9410754691443,40.830766851875765],[-73.94136799449048,40.83089083858494],[-73.94297966110949,40.83156798036163],[-73.9457193354422,40.83272141376781],[-73.94582395086611,40.83276546128705],[-73.94592558095874,40.83280648970204],[-73.94827676702778,40.83386545609741],[-73.94890543220046,40.83406529937909],[-73.94897390483271,40.83405222865222],[-73.9493412262308,40.833982114961806],[-73.94950730060035,40.83404276142805],[-73.94967072287922,40.83410501154386],[-73.94979197766332,40.83415015010909],[-73.94985612947902,40.83417935046803],[-73.94993193692676,40.834198493192],[-73.95007777733062,40.834251800541566],[-73.95021218560015,40.83430311995836],[-73.94988915620453,40.835284720759006],[-73.94979826505185,40.83548984171292],[-73.94978471338229,40.8355204343869],[-73.94974257886007,40.83562808832747],[-73.9497389152804,40.835705654477806],[-73.94971243579302,40.83577499028431],[-73.94969313831767,40.83586258094351],[-73.94968349007466,40.83592188337071],[-73.94968950505314,40.83604113887098],[-73.9496911764021,40.836074277497524],[-73.9496863474472,40.83610986382756],[-73.94965628914025,40.83619093946826],[-73.94964541816819,40.83622025475024],[-73.94962137643168,40.836232103601034],[-73.9496014970853,40.83630509829966],[-73.94958334065824,40.83648393833942],[-73.94954600729336,40.83660437200441],[-73.9495099169601,40.836665489687185],[-73.94945701919954,40.83670561947376],[-73.94938852906178,40.836715620935465],[-73.94932846081286,40.836719250936525],[-73.94929034657024,40.836729292987556],[-73.94928698610993,40.83673277629339],[-73.9492844625906,40.83673664592581],[-73.94928285088974,40.836740787065864],[-73.9492821988296,40.83674507683851],[-73.94928252575815,40.83674938795846],[-73.94928382197502,40.836753592506945],[-73.94928604901928,40.83675756572738],[-73.94928914081063,40.83676118972711],[-73.94929300561012,40.83676435697541],[-73.94929752874214,40.83676697349423],[-73.94930257599717,40.83676896164667],[-73.94937713355948,40.83678033441996],[-73.94943994696526,40.83679169931692],[-73.94944230013118,40.83679215701848],[-73.94949739936226,40.83681498148952],[-73.94954210438274,40.836879632427966],[-73.94918058897862,40.83786401012167],[-73.94915234129328,40.837933552055155],[-73.94900459767892,40.838425588533575],[-73.94892891168685,40.838643426286104],[-73.94883961914931,40.83887563584377],[-73.94875763667572,40.83902023697999],[-73.948657750269,40.83930134471564],[-73.94856054520565,40.839564884659154],[-73.94849640289021,40.83966759367512],[-73.94842860791549,40.83986085415067],[-73.94833417923782,40.83999733538348],[-73.94827449893788,40.840063540159576],[-73.94823352622095,40.840117596270005],[-73.94807484255465,40.84046625947794],[-73.94796701014093,40.84065410769618],[-73.94786003452232,40.84089601309017],[-73.94776196087692,40.8411257568339],[-73.94770934809964,40.84126360686618],[-73.94760600401791,40.841409547682346],[-73.94755609818532,40.84152866787323],[-73.9474889692935,40.841697463379134],[-73.947383221543,40.84194082529937],[-73.94727430439127,40.84205178297006],[-73.94721047555683,40.84210112669682],[-73.9471678822236,40.84215909904338],[-73.94713367972301,40.84225862361023],[-73.9471205331112,40.84228559643814],[-73.94710715174415,40.84230678757892],[-73.94696012382846,40.8425395701268],[-73.94693502862846,40.84261919750423],[-73.94686918645337,40.842704822391696],[-73.94678768212559,40.84281512798149],[-73.94675510074843,40.84288846101307],[-73.94670984756601,40.842944124651574],[-73.94661642596199,40.84302009833804],[-73.94654808278284,40.84311998115942],[-73.94645858066653,40.843254383260856],[-73.94636919991535,40.843454779954776],[-73.94631349566392,40.8435597699364],[-73.94624891918154,40.843671205081165],[-73.94619788899439,40.84375409846546],[-73.94612625578607,40.84388856876932],[-73.94612416421772,40.84389249655717],[-73.94611933577555,40.844004737494075],[-73.94609745833887,40.84405505204732],[-73.94609415172134,40.84409735575158],[-73.94611365510728,40.84419627752617],[-73.94611699818833,40.844224965669234],[-73.94609316413103,40.8442911486529],[-73.94610537772553,40.84434972213284],[-73.94608425805833,40.844468181965155],[-73.94609124077476,40.844498801346006],[-73.94607880557088,40.844597670328355],[-73.94610929980439,40.84485857499078],[-73.94612272152823,40.8448795542133],[-73.94612836835358,40.844911806656135],[-73.9461469239887,40.84493975742343],[-73.94616018788953,40.845029845422346],[-73.94616086907159,40.84512582705786],[-73.94619138728376,40.84519797227678],[-73.9462057455364,40.84523179311288],[-73.94622271166769,40.845259166341314],[-73.9462106518648,40.84533362513187],[-73.94617704779202,40.84536591521293],[-73.94617174983877,40.845392891580666],[-73.94620682472852,40.845461745739286],[-73.9462306238546,40.845576980242086],[-73.94627664957972,40.84569065991843],[-73.94630774814603,40.84574093432607],[-73.94643878255482,40.84588592292343],[-73.94646620992513,40.845881260406934],[-73.94647950512906,40.84591977757053],[-73.9464454448152,40.84592148809304],[-73.94648387687208,40.84596468781622],[-73.94651730200577,40.84599518440377],[-73.9465038958519,40.84602819976765],[-73.94645597912816,40.84605816509617],[-73.94642581953701,40.84606333812577],[-73.94634839393176,40.846156448606536],[-73.94635078049976,40.84624033078672],[-73.94640288265276,40.84636129162239],[-73.94643643817493,40.84643991999423],[-73.94647353057958,40.846528617660915],[-73.94651683205119,40.846593139850704],[-73.94664058276612,40.846684894539386],[-73.94671767879176,40.846824758247195],[-73.94678956849322,40.846996749345365],[-73.94682445342686,40.847134261567255],[-73.9468093526662,40.84728844663749],[-73.94678220543959,40.847353389196755],[-73.9467493384273,40.847405959839755],[-73.94669858704917,40.84749739387241],[-73.9466857685383,40.847728394541726],[-73.94665606434576,40.847883320986135],[-73.9466405820575,40.84793929265309],[-73.94662285734393,40.84814551898895],[-73.94662027748593,40.84821401783119],[-73.9466194999893,40.84827842540941],[-73.94664422572278,40.84839933388537],[-73.94665040763176,40.84866760421681],[-73.94667853765354,40.84883745959561],[-73.94663550012669,40.84891242505973],[-73.94665064310519,40.84900501041172],[-73.9466649962484,40.84904569410094],[-73.94670601762964,40.84909437779967],[-73.94672051176093,40.84923178291428],[-73.94673313406388,40.84926749721453],[-73.94675656427766,40.84930266769509],[-73.94681164673376,40.84935193378877],[-73.94683872036461,40.84938282135103],[-73.94685525004355,40.849427680199675],[-73.9468547984757,40.84953947126501],[-73.94688244417458,40.849592841569205],[-73.94689505793254,40.849639453583336],[-73.94690063210732,40.84967414825289],[-73.94696652237195,40.8498151740327],[-73.9469592294386,40.84984895798795],[-73.94695108849982,40.849859164465606],[-73.94695222118358,40.849890097359335],[-73.94699578658114,40.849955924292246],[-73.94695814474144,40.84998525995181],[-73.94696706524549,40.84999566592073],[-73.9469851657695,40.849994532568005],[-73.94702782428537,40.85004183181216],[-73.94702536104886,40.85006211459081],[-73.94700527357702,40.85008186777375],[-73.94697447080125,40.85008989508102],[-73.94695342915082,40.85009773522211],[-73.94696404495707,40.850111655775464],[-73.94698645041268,40.85011882988033],[-73.94701781633282,40.85012699648499],[-73.94702897203634,40.85014475943107],[-73.94701921000376,40.85019509323823],[-73.94704980259193,40.85022334922841],[-73.94704399278311,40.850254746490414],[-73.94700406576868,40.85032932870025],[-73.94700459608353,40.85034406799346],[-73.9470111027371,40.85035629215423],[-73.94700167436996,40.85038652011268],[-73.94699808302224,40.850398030842705],[-73.94696441627184,40.85046552632018],[-73.94687794284597,40.85044795335949],[-73.94641552405983,40.850359516444506],[-73.94593853674975,40.85026829046059],[-73.94495375493989,40.850082045580066],[-73.94479972370408,40.850049796916565],[-73.94474842971053,40.850040102235475],[-73.94451220364189,40.849995738698794],[-73.94411970073793,40.84992202301444],[-73.94399775173741,40.849899109821685],[-73.9438392617978,40.84986744404187],[-73.94318719330808,40.849754842636365],[-73.94321687086969,40.84965008470795],[-73.94323551672856,40.84960293216871],[-73.94340331235179,40.849178597685246],[-73.94353537896666,40.848904444849296],[-73.9435600167417,40.848855400828555],[-73.94389000257331,40.84820291143906],[-73.94375673583025,40.84821065698995],[-73.94350148126459,40.84824036216544],[-73.94333691587373,40.848258991648855],[-73.94315092371457,40.84823585660771],[-73.94300437764808,40.84821932376766],[-73.94287516283286,40.84827960986963],[-73.94274225313548,40.84830537878457],[-73.94247970546452,40.84831975503661],[-73.94205395049835,40.848316733591965],[-73.94136449331795,40.848183509053705],[-73.94043650929527,40.84801872017457],[-73.9395235555928,40.84783839774795],[-73.93803616045417,40.84755775491833],[-73.93797506589996,40.84771066036971],[-73.93767236845285,40.84839272897633],[-73.9375667828877,40.848491481782574],[-73.93748661556532,40.84856903509847],[-73.93738855442446,40.84864844988482],[-73.93728604910501,40.84874790786828],[-73.93716376431387,40.848847246934106],[-73.9370697808732,40.84893900060168],[-73.93639683069723,40.84954119584176],[-73.935471081291,40.849144383073735],[-73.93423946277855,40.848626211744225],[-73.9328498482764,40.848038109518576],[-73.93139355315762,40.8474282314095]]]]},"properties":{"shape_area":"21027674.3698","ntaname":"Washington Heights (South)","cdtaname":"MN12 Washington Heights-Inwood (CD 12 Equivalent)","shape_leng":"22198.2608859","boroname":"Manhattan","ntatype":"0","nta2020":"MN1201","borocode":"1","countyfips":"061","ntaabbrev":"WshHts_S","cdta2020":"MN12"}},{"type":"Feature","geometry":{"type":"MultiPolygon","coordinates":[[[[-73.92872643114075,40.866741428220564],[-73.92805770263142,40.866199364240515],[-73.9272691502576,40.86553455981858],[-73.92691040321418,40.864976689599196],[-73.92661948823125,40.864524294022445],[-73.92601092769263,40.86357366450462],[-73.92537318096636,40.862580815161735],[-73.92476434078536,40.86163089268787],[-73.92474153319307,40.861593638251485],[-73.92477916669033,40.861579915171355],[-73.92479253279713,40.86153569743347],[-73.92492832926601,40.861286835045796],[-73.92493538737384,40.86111085670793],[-73.9249684813092,40.860900934495646],[-73.92500890230043,40.86075631388311],[-73.9250216271363,40.860695226780294],[-73.92508675836145,40.86049976683876],[-73.92517550897851,40.8603088471432],[-73.92528690101587,40.860124899778484],[-73.92541941371896,40.85995018157461],[-73.92557098895175,40.85978668985162],[-73.92573921378842,40.859636065882576],[-73.92592136928403,40.859499588565086],[-73.92611457948757,40.859378102989886],[-73.92629698047996,40.85928556473238],[-73.92646882741118,40.85917645492959],[-73.92662633027959,40.85905185961606],[-73.92676602517321,40.85891354134067],[-73.92688494937838,40.85876382250714],[-73.92698091134234,40.858605481672576],[-73.92705257822142,40.85844158657421],[-73.92709952023769,40.85827527034026],[-73.92712221983528,40.85810961121027],[-73.92691117424988,40.85750876085551],[-73.92684027797067,40.85757648613922],[-73.92677288942434,40.857646245325846],[-73.92670910973644,40.8577179337439],[-73.926649034862,40.85779144408294],[-73.92659275472406,40.85786666577935],[-73.92654035378293,40.857943485964185],[-73.92648274481374,40.857997001598406],[-73.92641850269419,40.85804597097033],[-73.92634824644848,40.858089922210404],[-73.92627265305715,40.85812843180299],[-73.92619245093367,40.85816112866764],[-73.9261084129051,40.85818769773519],[-73.92602134876472,40.85820788298401],[-73.9259320973194,40.85822148981343],[-73.92584151876429,40.858228387188994],[-73.92575048592354,40.85822850864685],[-73.9256598759993,40.85822185301666],[-73.92557056211807,40.8582084844327],[-73.92548340491632,40.85818853171599],[-73.92539924424668,40.85816218713269],[-73.92531937152052,40.858127161838794],[-73.92524412896908,40.85808665523529],[-73.9251741671325,40.85804101754328],[-73.92511009059051,40.857990643514505],[-73.92505245361208,40.857935968493905],[-73.92500175450839,40.85787746520003],[-73.9246976502289,40.8572922828431],[-73.92466920100132,40.85721269959933],[-73.9246485618162,40.857131739722135],[-73.92463584512095,40.857049844413694],[-73.9246311201874,40.856967459972196],[-73.9246344129766,40.85688503514131],[-73.92464570529467,40.856803019333206],[-73.92466493557401,40.856721859497995],[-73.92469199898966,40.85664199791936],[-73.92477620022007,40.85649911974176],[-73.924866368836,40.856358356450095],[-73.9249624127902,40.85621985168203],[-73.92506423454711,40.85608374657495],[-73.92517172961297,40.85595018018956],[-73.92528478826843,40.85581928881417],[-73.92679937829864,40.85371714546669],[-73.9272393482981,40.85311537265821],[-73.92769565671857,40.852487782775434],[-73.92703315604321,40.85220077510197],[-73.92705666626881,40.85181363792862],[-73.92707982277773,40.85143234338421],[-73.92747680397204,40.850694370798884],[-73.92791138567485,40.850213580391554],[-73.92824918846773,40.84983985458184],[-73.92866655364963,40.8495755293012],[-73.92898242633322,40.84925612249147],[-73.92970731492966,40.84812261288658],[-73.93062107731573,40.84848097743807],[-73.93088430007421,40.84811893848319],[-73.9311615170705,40.847740601017655],[-73.93139355315762,40.8474282314095],[-73.9328498482764,40.848038109518576],[-73.93423946277855,40.848626211744225],[-73.935471081291,40.849144383073735],[-73.93639683069723,40.84954119584176],[-73.9370697808732,40.84893900060168],[-73.93716376431387,40.848847246934106],[-73.93728604910501,40.84874790786828],[-73.93738855442446,40.84864844988482],[-73.93748661556532,40.84856903509847],[-73.9375667828877,40.848491481782574],[-73.93767236845285,40.84839272897633],[-73.93797506589996,40.84771066036971],[-73.93803616045417,40.84755775491833],[-73.9395235555928,40.84783839774795],[-73.94043650929527,40.84801872017457],[-73.94136449331795,40.848183509053705],[-73.94205395049835,40.848316733591965],[-73.94247970546452,40.84831975503661],[-73.94274225313548,40.84830537878457],[-73.94287516283286,40.84827960986963],[-73.94300437764808,40.84821932376766],[-73.94315092371457,40.84823585660771],[-73.94333691587373,40.848258991648855],[-73.94350148126459,40.84824036216544],[-73.94375673583025,40.84821065698995],[-73.94389000257331,40.84820291143906],[-73.9435600167417,40.848855400828555],[-73.94353537896666,40.848904444849296],[-73.94340331235179,40.849178597685246],[-73.94323551672856,40.84960293216871],[-73.94321687086969,40.84965008470795],[-73.94318719330808,40.849754842636365],[-73.9438392617978,40.84986744404187],[-73.94399775173741,40.849899109821685],[-73.94411970073793,40.84992202301444],[-73.94451220364189,40.849995738698794],[-73.94474842971053,40.850040102235475],[-73.94479972370408,40.850049796916565],[-73.94495375493989,40.850082045580066],[-73.94593853674975,40.85026829046059],[-73.94641552405983,40.850359516444506],[-73.94687794284597,40.85044795335949],[-73.94696441627184,40.85046552632018],[-73.94692626404824,40.85052805617096],[-73.94686899614884,40.85058959736132],[-73.94681367325443,40.85064903917782],[-73.94680219628061,40.8506613714859],[-73.9465159021617,40.85096833857795],[-73.94650229461891,40.85097566527314],[-73.94648743452392,40.850981420372776],[-73.94647163441957,40.85098548283344],[-73.94645688375422,40.85098762074484],[-73.94644189200098,40.85098828124998],[-73.94642691469141,40.85098745309068],[-73.94641216089468,40.850985140404816],[-73.94639793168496,40.85098138342156],[-73.9463844711465,40.850976246587294],[-73.94637201017785,40.85096981801799],[-73.94633875378945,40.8509478268273],[-73.94632077412066,40.85092325617438],[-73.94632888036638,40.85090437737288],[-73.94635174194286,40.85089307380807],[-73.94635218637764,40.85086996465729],[-73.94633796356086,40.85085289544363],[-73.94632729794837,40.8508460325743],[-73.94631589827817,40.85083869560606],[-73.94629717304834,40.85083313533094],[-73.94627501496706,40.85084097717303],[-73.9462437464242,40.85088454249234],[-73.94619776917496,40.85090566670612],[-73.94617304480114,40.85095795498828],[-73.94619597814484,40.85097417257509],[-73.94620078322082,40.85103148810541],[-73.94618601249205,40.85103146965694],[-73.94617210619417,40.85105211981512],[-73.94615819227633,40.851047286468976],[-73.94614699837965,40.85103129062844],[-73.94614542501228,40.85100746588199],[-73.94613392284681,40.85098393134103],[-73.94611976647958,40.85096875464419],[-73.9460967019527,40.85096634074558],[-73.94608190501027,40.85098071538364],[-73.94608745879556,40.851008062496604],[-73.94609742395545,40.85103260246979],[-73.94609813157875,40.8510335751065],[-73.94614159383535,40.85109369896508],[-73.9461365365532,40.85115472606461],[-73.94611744105192,40.85117258251716],[-73.94604780286082,40.85118855097143],[-73.94596473439162,40.851171874333915],[-73.94593025783085,40.85118972170721],[-73.94589577454214,40.851187338601086],[-73.94584092799114,40.85116947714681],[-73.94576726165661,40.85116946515462],[-73.94572493994535,40.85119683231841],[-73.9457280636197,40.85122777318988],[-73.94568261912607,40.85122657662459],[-73.94565283626454,40.85121109783866],[-73.94561208079904,40.85123965310488],[-73.94555563975034,40.85132056777701],[-73.94552743024828,40.85132056384155],[-73.94551957908563,40.85136221265918],[-73.94548126448095,40.85137185865055],[-73.94544903734364,40.85142765971211],[-73.94542239540591,40.851426465903174],[-73.94539575400437,40.85141575156393],[-73.94537850253991,40.85142645819599],[-73.9453894688811,40.851452636411764],[-73.945322073382,40.85146928848207],[-73.945312661956,40.85148476251623],[-73.94527975192939,40.85149427748626],[-73.94525311095308,40.85149188685129],[-73.94524369522883,40.85151925872704],[-73.94527268032844,40.85154604322826],[-73.94526640999081,40.85157102855119],[-73.94519586853583,40.8515924459341],[-73.94515355659357,40.85158648460707],[-73.94506578300188,40.851638830603456],[-73.94504382704982,40.851670957338385],[-73.94500620234612,40.8517019007537],[-73.94497798395632,40.85173164800295],[-73.94493252678446,40.851730442257654],[-73.94487731272503,40.851753823266804],[-73.94477702280346,40.85179629023534],[-73.94476577414821,40.85180105290192],[-73.94471445485968,40.85181539412329],[-73.94469380703771,40.8518240942718],[-73.94468765455619,40.85183573436761],[-73.94469269934115,40.85186250585687],[-73.94468978310026,40.85187715404709],[-73.94468324055724,40.85191000995948],[-73.94466721178145,40.8519212260068],[-73.9446323412437,40.851909496541026],[-73.94458845635044,40.85192734284856],[-73.94457747870587,40.85194281606933],[-73.94450381945983,40.851957079452646],[-73.94448658151262,40.85192375812127],[-73.94450316357836,40.85189939763983],[-73.94450515446411,40.85188989851174],[-73.94448761915879,40.85188879782241],[-73.94446197854774,40.85189939088671],[-73.94445368133222,40.85189756825766],[-73.94442232659368,40.851904704731275],[-73.94439725279923,40.85189280217134],[-73.9444066705959,40.85185472009218],[-73.94436749784857,40.85182496177965],[-73.94432518416289,40.85182257643832],[-73.94431733342654,40.85185589389612],[-73.94429068208862,40.85188207432167],[-73.94424522499301,40.85192014936552],[-73.9442107380319,40.851929655729336],[-73.94422169651071,40.8519760733924],[-73.94419660715161,40.85201534181555],[-73.94413391031495,40.85202723009204],[-73.9440712308192,40.85201532013334],[-73.94401323950726,40.851999843664416],[-73.9439912813086,40.852041491054734],[-73.9439599164944,40.852118841320504],[-73.94388153574954,40.852172377207474],[-73.94379610595584,40.85219795246164],[-73.94360072985177,40.85223102071619],[-73.94347978545711,40.852281881941984],[-73.94305902944298,40.85260143014698],[-73.9430264437118,40.852626177871],[-73.94279838505354,40.85285123388989],[-73.9426099668357,40.8530679147468],[-73.9424736592582,40.85317127730668],[-73.94205514258485,40.85365410745571],[-73.94186996360527,40.85386773893993],[-73.9418277442509,40.8539899596275],[-73.94173105595296,40.85410838854903],[-73.94158158800445,40.854347143808475],[-73.94153736742386,40.85443564409872],[-73.94150213189893,40.85450012674862],[-73.94149762132159,40.85450838436773],[-73.94140980642442,40.854684629983595],[-73.94131311131362,40.854795539252656],[-73.94126592051158,40.85494407828593],[-73.94123366359767,40.85500988797688],[-73.94103277003167,40.85530503813998],[-73.94099928999142,40.85535861944122],[-73.94100914313304,40.855415039634806],[-73.94095704472458,40.85552033389197],[-73.94085539855494,40.85562183077847],[-73.94076854842848,40.85580797197012],[-73.94074621710324,40.85584744742297],[-73.94069419380139,40.855853065557646],[-73.94061975134659,40.85601100023995],[-73.94048831269315,40.85620462832016],[-73.94040517776624,40.85637290578203],[-73.94035056461419,40.856515803073236],[-73.94029347497165,40.856641770155065],[-73.94014717618712,40.856833517057154],[-73.94008523452419,40.85685605129765],[-73.94001827015957,40.856950045142646],[-73.93994880677096,40.85706661475871],[-73.93978146211117,40.85723483699597],[-73.93968482410261,40.85728932103603],[-73.93961041073227,40.85739647639681],[-73.93940211514348,40.8576652984748],[-73.93936488888178,40.85774050624095],[-73.9392830385069,40.85786082228877],[-73.93922231976174,40.857893694231095],[-73.93911094164396,40.85804091122576],[-73.93904122641774,40.858202016363876],[-73.93891471443509,40.85840693742325],[-73.9386568056547,40.858734030921845],[-73.938653061647,40.858768813621985],[-73.93850174725075,40.85901133450522],[-73.93843728725678,40.85907336212084],[-73.93841643396328,40.85916624546455],[-73.93830957434339,40.85938052310557],[-73.9378533658648,40.85983027123297],[-73.93773556378008,40.859933511736806],[-73.93755734318461,40.86008135682785],[-73.93752944172513,40.86009664178463],[-73.93753066305457,40.86011187884762],[-73.93755218656987,40.86012367458298],[-73.93758716318418,40.86014954032663],[-73.93758054206499,40.860203206651235],[-73.93735436134426,40.86051512129019],[-73.93713577511515,40.86078363669965],[-73.93709390407562,40.860925242991286],[-73.93704223142136,40.861057533481514],[-73.9369685174806,40.86114321952772],[-73.93681096972902,40.86125802374987],[-73.93680279963722,40.86127908112403],[-73.93681851547555,40.86131581817794],[-73.93681045449208,40.86136346656254],[-73.93647561664896,40.861926591170764],[-73.93596813006896,40.86254409189362],[-73.93559460797825,40.8629650518521],[-73.93485089173119,40.86396557693492],[-73.93475540651464,40.8640963387377],[-73.93461870076239,40.86426987104496],[-73.93443446851109,40.86450373173382],[-73.93435568513524,40.86473290706843],[-73.93423164079182,40.86481389832529],[-73.93419230301825,40.864879108033634],[-73.93408173881343,40.86497781014824],[-73.93401664426648,40.86503554879422],[-73.93401648524471,40.865195817666724],[-73.93395001711579,40.86534674620988],[-73.93386283123479,40.86541004611187],[-73.93378916436356,40.865428634268554],[-73.93363055568612,40.86570901942335],[-73.93357158007582,40.86576675094428],[-73.93357396122035,40.86584129553874],[-73.93349285424166,40.865945614824895],[-73.933436350697,40.865986581995365],[-73.9334362891443,40.86604807580755],[-73.93340182700804,40.866135646839936],[-73.93332317557568,40.8662380950142],[-73.93325688879867,40.86624178508361],[-73.93313150185674,40.86642621378959],[-73.93307500307857,40.8665574187251],[-73.93283349428317,40.86698204820548],[-73.93266332721514,40.867237065934454],[-73.93275648627251,40.86726436016796],[-73.93276260783075,40.86725229805974],[-73.93290171891769,40.86729304389973],[-73.93283958205113,40.86741527640887],[-73.93264569508366,40.86735847764199],[-73.93266035056371,40.8673296613538],[-73.93259794852806,40.86731134967043],[-73.93254830387004,40.86741383299898],[-73.9325188840444,40.867410503365875],[-73.93242538215391,40.86756824792113],[-73.9323866223573,40.867693893244756],[-73.93236431431227,40.86786330050529],[-73.93235078136821,40.867979120295395],[-73.93235431562921,40.86800719620044],[-73.93236746809497,40.86803721497855],[-73.93237341288621,40.86806348807326],[-73.9322739712801,40.86847715248046],[-73.93228124006656,40.8685325381576],[-73.93226769826204,40.86856231947498],[-73.93232284384425,40.86857811188705],[-73.93231591011325,40.86860414289609],[-73.93244643748244,40.868659765468905],[-73.93249214298685,40.868677518657144],[-73.93249377280233,40.8686748089219],[-73.9325307779677,40.8686132724165],[-73.93253690662301,40.86860307837558],[-73.93256891816314,40.8685498472381],[-73.93257970501186,40.86853190982327],[-73.93261431825407,40.8684743473791],[-73.93262211514669,40.8684613844832],[-73.9326252507503,40.86845616797421],[-73.93262844350275,40.868457274317144],[-73.93265083512807,40.86846503348192],[-73.93254546521902,40.86864025873037],[-73.93255050661593,40.86864200609373],[-73.93256804264136,40.868648083353506],[-73.93252354560038,40.868722078358964],[-73.93250125163004,40.86871435273158],[-73.93250619965718,40.868706125391256],[-73.93249532884053,40.86870195039146],[-73.9323522987469,40.868647028162414],[-73.93230597278956,40.86862923853724],[-73.93229831818601,40.86864737142049],[-73.93225031755051,40.86863950836755],[-73.93225427749105,40.8686833993581],[-73.93227751053232,40.868711157475154],[-73.93228732044331,40.86887514188786],[-73.9323138544823,40.868923720343744],[-73.93236035093774,40.86894960979849],[-73.9324567080095,40.86896227317818],[-73.93253729354952,40.86896800236232],[-73.9325689548279,40.868979403213956],[-73.93256795169879,40.86904439147386],[-73.93250469803198,40.869129558162655],[-73.93239016804618,40.86918730311006],[-73.93229327623715,40.86919950143934],[-73.93218903826028,40.86936697689168],[-73.93246883069857,40.869476099889575],[-73.93235370807277,40.86975525529664],[-73.93226581636975,40.86973477164006],[-73.93235934465952,40.869507363721965],[-73.93213336602999,40.8694159759436],[-73.93210997106755,40.86947724859913],[-73.93207712619383,40.86954268466257],[-73.93205908286346,40.869582816886734],[-73.93205343781557,40.86960075024145],[-73.93205002169798,40.869641746280166],[-73.93206712211834,40.8696994277864],[-73.93209566102911,40.86975965114527],[-73.93217975958304,40.86982236690249],[-73.93219855048865,40.869844871413186],[-73.93156536939784,40.86958215843708],[-73.93150368633037,40.86932879367991],[-73.93150384484605,40.869035221569156],[-73.93141437292331,40.86896192907336],[-73.93127671427399,40.868843595243234],[-73.93117877468013,40.868768868547924],[-73.93091942301164,40.86857100148977],[-73.92998961730244,40.86779241087064],[-73.92934104036875,40.86725724114112],[-73.92872643114075,40.866741428220564]]]]},"properties":{"shape_area":"24773512.0415","ntaname":"Washington Heights (North)","cdtaname":"MN12 Washington Heights-Inwood (CD 12 Equivalent)","shape_leng":"26731.5955312","boroname":"Manhattan","ntatype":"0","nta2020":"MN1202","borocode":"1","countyfips":"061","ntaabbrev":"WshHts_N","cdta2020":"MN12"}},{"type":"Feature","geometry":{"type":"MultiPolygon","coordinates":[[[[-73.9223445930786,40.85568233648453],[-73.92234217898498,40.855685461515286],[-73.9223363626243,40.855692987439305],[-73.92232971276387,40.85570159265734],[-73.9223288808113,40.8557026707801],[-73.92232785330023,40.85570400223396],[-73.92219572192067,40.85587499105306],[-73.92217874229384,40.85589696519636],[-73.92218117594746,40.855899953109],[-73.9221829564415,40.85590319471389],[-73.92218404128785,40.85590660873359],[-73.92218440300894,40.85591010803759],[-73.92218403221835,40.8559136061773],[-73.92218293740292,40.8559170153764],[-73.92218114624346,40.85592024904392],[-73.9221787036253,40.8559232249561],[-73.92217567339715,40.855925870450896],[-73.92217212888959,40.85592811806578],[-73.92216815974786,40.855929910400754],[-73.92216386729518,40.85593120413546],[-73.92215935791613,40.85593196684225],[-73.92215474438034,40.85593217782422],[-73.92215014296977,40.85593183163151],[-73.9220633513246,40.856053912287045],[-73.92207704565449,40.85605913536596],[-73.92195201468971,40.85623699044733],[-73.92187322153111,40.85634966205611],[-73.92188760113714,40.856355133723355],[-73.9218175009566,40.856454224365706],[-73.92183549330599,40.85646214131255],[-73.92176508388162,40.856565869092336],[-73.92177019744747,40.85656789389614],[-73.92169841904696,40.856672301854985],[-73.92151894059094,40.8566011706233],[-73.92159078639031,40.85649666113376],[-73.9215969651289,40.85649911033572],[-73.9216718169156,40.85639401600266],[-73.92168970373964,40.8564006439762],[-73.92175965629708,40.8563046823111],[-73.92182325044541,40.85632912636613],[-73.9220295673179,40.85604005504778],[-73.92204171700459,40.856045054783564],[-73.92212909531288,40.855922629274446],[-73.92212701759829,40.85591940941366],[-73.92212563579896,40.85591597760304],[-73.92212498555783,40.85591241896842],[-73.92212508375181,40.85590882951214],[-73.92212592520536,40.85590529500265],[-73.92212749149635,40.85590190907297],[-73.92212974148433,40.855898758472506],[-73.92213261947896,40.85589592022438],[-73.92213604839007,40.855893469326816],[-73.92213994408347,40.85589146720418],[-73.9221442056687,40.85588996488298],[-73.92214872542999,40.85588900082072],[-73.92215338838757,40.85588859939832],[-73.9221580751632,40.85588877259688],[-73.92218505685102,40.85584741605193],[-73.9222189508469,40.85579546579653],[-73.92223557106671,40.855771185948484],[-73.92225931710601,40.855725615164914],[-73.92227219913966,40.85570089136823],[-73.9222811377406,40.85568693163901],[-73.92228832283215,40.85567571342008],[-73.92228837057658,40.85567563890433],[-73.92229610926192,40.855663835731214],[-73.9223445930786,40.85568233648453]]],[[[-73.9223445930786,40.85568233648453],[-73.92262198608255,40.855780853371265],[-73.9228792161941,40.85587725939011],[-73.92284592837328,40.85599400613365],[-73.92281852166276,40.856111630892094],[-73.92279703587407,40.85622996293525],[-73.92278150222548,40.856348830505375],[-73.92277194353532,40.85646806094253],[-73.9227683734649,40.85658748130017],[-73.92277079722804,40.856706918237954],[-73.92277921133945,40.85682619839088],[-73.92281913719484,40.85757186343758],[-73.92288794949759,40.858856941245875],[-73.92295854084045,40.85891389370708],[-73.92363358101052,40.85990036697984],[-73.92408161014636,40.860555074809234],[-73.92461303395655,40.861399731398],[-73.92467728584278,40.86149664530956],[-73.92472275869338,40.86156248696539],[-73.92474153319307,40.86159363825152],[-73.92476434078536,40.86163089268787],[-73.92537318096642,40.86258081516177],[-73.92601092769257,40.86357366450462],[-73.9266194882311,40.86452429402248],[-73.92691040321408,40.864976689599196],[-73.92726915025756,40.86553455981858],[-73.92805770263136,40.866199364240565],[-73.92872643114075,40.8667414282206],[-73.92700250526887,40.86795126028593],[-73.92639286284184,40.8683909399275],[-73.92619847735759,40.86851350036824],[-73.92382143365798,40.869018381667175],[-73.92234360638932,40.86945904067058],[-73.92214152520687,40.86914779664326],[-73.92203353120068,40.869190406428544],[-73.92192784084025,40.86923622421677],[-73.92182461940916,40.86928517835807],[-73.92172402896408,40.869337192293045],[-73.921626226182,40.86939218466771],[-73.92153136401495,40.86945006948435],[-73.92089662956921,40.86987702027935],[-73.91925481601531,40.87100784280269],[-73.91969887531994,40.872063531038854],[-73.91945895048647,40.87224928120527],[-73.91842924397557,40.87300977873346],[-73.91717258083182,40.87249664231386],[-73.91627785333326,40.87211564521814],[-73.91505692571246,40.87160289704367],[-73.91414729116272,40.871216538781674],[-73.9140903715633,40.871194632169825],[-73.91400985416992,40.87116059386453],[-73.91381371215034,40.87130054777422],[-73.91326815468233,40.87172372450181],[-73.912594201325,40.87225428260913],[-73.9124814682112,40.872338976675046],[-73.9123729836904,40.872426809809454],[-73.9122688993609,40.872517659286395],[-73.91216936131924,40.87261139813718],[-73.91207450799781,40.87270789537866],[-73.91198447195264,40.872807016178335],[-73.91193679050069,40.87287221810914],[-73.91188383732924,40.872935032209554],[-73.91182581979886,40.87299521244127],[-73.91176296391379,40.87305252463915],[-73.91166304856444,40.873126756474065],[-73.91151516034965,40.87323663012719],[-73.91142596184356,40.87318176715503],[-73.91135878271355,40.87312775663285],[-73.91130503460077,40.87309198438779],[-73.91127431695794,40.873063521761324],[-73.91122441407721,40.87302775243461],[-73.91119084409434,40.872984707910256],[-73.91118411250245,40.872988350539586],[-73.9111745064192,40.87298469583855],[-73.91118028522183,40.8729744874235],[-73.91116685503249,40.87295625009743],[-73.91115342819128,40.87294311015754],[-73.91110354045992,40.87288473542338],[-73.91109971708975,40.87286796461325],[-73.91110454354364,40.87285119879125],[-73.91108439239697,40.87282638234577],[-73.9110556063182,40.87280083939585],[-73.91103643518377,40.87277165620874],[-73.91103934599411,40.872748324194205],[-73.91101247147321,40.87272205364732],[-73.91099234251111,40.872689951633184],[-73.91098084741316,40.87266004429189],[-73.91096742522548,40.872643995466206],[-73.91096169269241,40.87261701014663],[-73.9109444054969,40.87260824507788],[-73.91091466885877,40.872573947451],[-73.91083211635964,40.87251773723308],[-73.91076303115126,40.87245206311466],[-73.91069663181855,40.87236327304435],[-73.91066886250452,40.872318082527656],[-73.91064877277806,40.87229624846066],[-73.91064402620876,40.87226205286493],[-73.9106000469285,40.87218492913209],[-73.9105646933806,40.87211653632302],[-73.91054082062271,40.87205832757496],[-73.91053797212396,40.87203359781727],[-73.91055333016271,40.87201833783437],[-73.910544749547,40.871986327947354],[-73.91051802379026,40.871906298801406],[-73.91049514192561,40.871825552448705],[-73.91048468158291,40.87176153802849],[-73.91047920100607,40.87172972553634],[-73.91047284244517,40.87169568430825],[-73.91046075953038,40.87164240533501],[-73.91045325835374,40.8715768318925],[-73.91044754306384,40.87150187151655],[-73.91044265486106,40.87149037129689],[-73.91042644048558,40.87148543755955],[-73.91042903752744,40.871465953814806],[-73.91044420430016,40.871463671527636],[-73.91044955630979,40.87143622872974],[-73.91045107077684,40.8714066530675],[-73.91044615186583,40.871393706933794],[-73.91043363570444,40.87138081638434],[-73.91044770536601,40.87136628313327],[-73.91046468617759,40.87135678268429],[-73.91047292046959,40.87133220207209],[-73.9104936731182,40.87132051267543],[-73.91051165045894,40.871315333575545],[-73.9105209406514,40.8712986744288],[-73.91054357762037,40.871286247540695],[-73.91055942169147,40.87126161201012],[-73.91055064917789,40.871244362915775],[-73.9105580894432,40.87123204888109],[-73.91057828495371,40.871177093232006],[-73.91058957073446,40.871168348570116],[-73.9106015951623,40.871143017198975],[-73.91061845476166,40.871124140711196],[-73.9106500006567,40.8710654934261],[-73.91065177797128,40.871055382281895],[-73.91066110163457,40.87104233846098],[-73.9106819282995,40.87103640751966],[-73.9106940639598,40.871019736153606],[-73.91070326135346,40.870995863885675],[-73.91071625722222,40.87097197160523],[-73.91072355879952,40.87094883563948],[-73.91071412003846,40.87092254281944],[-73.91069983355021,40.870904243288344],[-73.9106779365017,40.870872789828894],[-73.91067907069399,40.87084726054986],[-73.91069072329452,40.87082906904183],[-73.91069182369063,40.870808652535686],[-73.91071594812179,40.87079341840988],[-73.91071898793224,40.87076935911039],[-73.91072680697486,40.87074968959314],[-73.91073765208604,40.87070961108874],[-73.91074561095479,40.87066878889435],[-73.91072557297284,40.87064755845893],[-73.91074991771993,40.87059950173025],[-73.91075287037826,40.87058856694489],[-73.91075680633591,40.87057472639721],[-73.9107521234364,40.8705579262573],[-73.91076090304617,40.870536806563884],[-73.91076400877417,40.87050471860941],[-73.9107489270491,40.87045942817946],[-73.91075573481181,40.870448516143114],[-73.91077222692891,40.87042523148328],[-73.91075887769863,40.87040912941068],[-73.91076307682718,40.870355892196336],[-73.91076811226348,40.87032162592465],[-73.91076453224883,40.870282213722035],[-73.91074831413626,40.87026464661895],[-73.91076966625782,40.87023336046674],[-73.91077272650074,40.8702063752237],[-73.91077967561587,40.870174302802965],[-73.91078077308367,40.87015242180579],[-73.91080419957586,40.870099257582396],[-73.91080160534246,40.870054747078136],[-73.91080176628982,40.87003067616668],[-73.91080953728974,40.87001975884007],[-73.91080487714844,40.86999785697458],[-73.91081280366717,40.86996213816417],[-73.91081583350977,40.86993953295004],[-73.91080914035399,40.869935135828],[-73.9108266257385,40.869907483262736],[-73.91083344968926,40.86989218246724],[-73.91083356177741,40.869875409821816],[-73.91085003458652,40.869855042545765],[-73.91085019100309,40.86983170404018],[-73.9108415844008,40.86982510452522],[-73.91084068911104,40.869814885436405],[-73.91085426331281,40.86979742529083],[-73.91086020406853,40.869771922333896],[-73.91087677451355,40.8697369699112],[-73.91086238292394,40.869732533341434],[-73.91087307742464,40.869715069963796],[-73.9108828914826,40.86968519329235],[-73.9108840087062,40.86966039573301],[-73.91085334197452,40.86964860824923],[-73.9108764398718,40.86964285291512],[-73.91089674475897,40.8696239631282],[-73.91090942293567,40.869596292764975],[-73.91092395561532,40.86957956726857],[-73.91091538027314,40.86956859627153],[-73.91091647993076,40.86954816987427],[-73.91092519658243,40.8695379970709],[-73.91091855656228,40.86952410663768],[-73.91094089748741,40.86948917557867],[-73.91094691671508,40.86945199515381],[-73.91092491224157,40.86943659185678],[-73.91095582665521,40.86941117785786],[-73.91098662221371,40.86940546027062],[-73.91100863593087,40.869419401087676],[-73.91103936514546,40.86942170510441],[-73.91105771592377,40.869408652292115],[-73.91113245415063,40.86944176315847],[-73.91118903577572,40.86945876188535],[-73.91125611683202,40.86948747131046],[-73.91130402042972,40.869510272667576],[-73.91134621371559,40.86952429040985],[-73.91138177390287,40.869522973352574],[-73.91143962214154,40.86949474424463],[-73.91146376612693,40.869476602110986],[-73.91147448899049,40.869454758140925],[-73.91147188669994,40.8694131635453],[-73.91146347606852,40.86937738273276],[-73.91142415779088,40.86936409797492],[-73.91141653489665,40.86935458553059],[-73.91140021862077,40.86935160432971],[-73.91139354527336,40.869344281300286],[-73.91135803466575,40.869336123635776],[-73.91135530830194,40.86931349706337],[-73.91112244509752,40.86921411419698],[-73.91111690871264,40.86917907552043],[-73.91109673067572,40.86917899749019],[-73.9110612575122,40.86916719144776],[-73.91103057950191,40.869155403498596],[-73.91105489313975,40.86911171801354],[-73.91107529676401,40.86907824238],[-73.91107925148435,40.86906147587602],[-73.91107553161036,40.86904322573778],[-73.91109290713948,40.869031622916395],[-73.91109202710173,40.86901921850274],[-73.91111871768696,40.86900617093255],[-73.91113366008821,40.868972691751594],[-73.91112035244491,40.868952210363],[-73.91113932222599,40.86893376695671],[-73.91112890881821,40.868920043161495],[-73.91114259196203,40.868895013202774],[-73.91114869895993,40.86888021473788],[-73.911165235432,40.86887685523218],[-73.91119985851088,40.86886445234708],[-73.91125094701859,40.86886122646055],[-73.91128256772056,40.868847672871425],[-73.9113037428696,40.86882494757101],[-73.9113281775882,40.868802439535806],[-73.91133483134642,40.86878534859407],[-73.91133742099743,40.868774273964746],[-73.9113297074864,40.86875863646896],[-73.91133402644458,40.868740395362956],[-73.91132547908168,40.86871823689675],[-73.91133149825595,40.86870521124989],[-73.91132553554417,40.86867589550765],[-73.91133500160343,40.868657658859114],[-73.9113504607771,40.86864659478733],[-73.911347051236,40.868623792960555],[-73.91135909150219,40.86860621531276],[-73.91136427055301,40.86858340919448],[-73.91139004906684,40.86856324012824],[-73.9114098549045,40.86851308940597],[-73.91141932680448,40.86849159309234],[-73.9114416590702,40.86847662530264],[-73.91148208144206,40.86840825517568],[-73.91149242138631,40.86837503525786],[-73.91149244825677,40.86835484691574],[-73.91150538755193,40.86830338456405],[-73.91151485871004,40.86828123925714],[-73.91152432337235,40.868264966630406],[-73.91153547484777,40.868264316982355],[-73.91154065941221,40.86824542922184],[-73.91158019244979,40.86820376706924],[-73.91160166210436,40.86818619712242],[-73.91162485562174,40.86817448074004],[-73.91165319817546,40.86815430436371],[-73.9116678135418,40.86813542381721],[-73.9117116303813,40.868100284055444],[-73.91172833168699,40.86807448941285],[-73.9117319206429,40.8680606237671],[-73.91173006189777,40.86804016393437],[-73.9117338348191,40.86803017993708],[-73.91172569759559,40.86803017371237],[-73.91172571085266,40.86802018700654],[-73.91172510380609,40.86800353710156],[-73.91173640076342,40.86799117266217],[-73.91173516231117,40.867977385074695],[-73.9117552250194,40.8679659830569],[-73.9117527627056,40.8679350577684],[-73.91176907763774,40.86791318839017],[-73.91178038282278,40.86789560242819],[-73.91179668040789,40.86789561488701],[-73.91180859603922,40.86788230507844],[-73.91179420262434,40.86786802111718],[-73.91179676558265,40.867831400035236],[-73.91180556034618,40.867810479113935],[-73.9118237604912,40.867789088776476],[-73.91184571092025,40.867776255863376],[-73.91187101089474,40.86775948971889],[-73.91188960227186,40.86774775234526],[-73.91189225260952,40.86772591741023],[-73.91191159865934,40.867700205169896],[-73.91184774580607,40.867672520472006],[-73.91199296785767,40.86750583402308],[-73.91209755267246,40.86737319061859],[-73.91222962953469,40.867215462194096],[-73.91245215298915,40.86694055877061],[-73.9126175467601,40.86673955984183],[-73.91273173919579,40.86660521220877],[-73.91255219352638,40.86652862479476],[-73.91254775064014,40.866514943506424],[-73.91282859693635,40.86615711135715],[-73.91312015100736,40.86578124232256],[-73.91351997708159,40.8652674711696],[-73.91384485056732,40.86484833859211],[-73.9139186313323,40.864745584403664],[-73.91393526952008,40.864739284545],[-73.91403866833014,40.864710500577196],[-73.91416821693032,40.86466640090768],[-73.91425257819593,40.864645725109575],[-73.91431200712566,40.86462502219327],[-73.91438922696813,40.864624179243805],[-73.91492387927858,40.86458037891917],[-73.91492863719179,40.864569566633676],[-73.91454037626015,40.86441235162341],[-73.91447397540031,40.86431128599454],[-73.91441113392746,40.86417362637048],[-73.91504407599486,40.864436722110305],[-73.91507404941305,40.86444650490865],[-73.91508583854264,40.864448143919944],[-73.9151683330549,40.86443925367328],[-73.91525511928769,40.86443362651938],[-73.91543189718274,40.86441830355372],[-73.9154286973113,40.864407729160725],[-73.91543408398897,40.86438740049528],[-73.91545872397492,40.86438416776566],[-73.91545342726593,40.864333736081306],[-73.91563236347605,40.864309473179475],[-73.91563874300478,40.864348514579326],[-73.9156644439211,40.864350153818094],[-73.91571159105631,40.86434286717419],[-73.91575872905152,40.86434209078709],[-73.91581658566602,40.864334812253695],[-73.91586052063028,40.864325902084346],[-73.91589911645785,40.864308038085106],[-73.91592270819757,40.86428040089971],[-73.91593561439066,40.86424218421195],[-73.9159313804981,40.864203965087],[-73.91592605810227,40.86417305587673],[-73.91589824230968,40.864146192038305],[-73.91587148065646,40.864129091035636],[-73.91585434906551,40.86412257646918],[-73.91583264511853,40.86411430845101],[-73.91579009737853,40.86410300712204],[-73.91574189992386,40.86409647069971],[-73.91572596025631,40.86409562479379],[-73.9156672828416,40.86408664891997],[-73.91561569013705,40.86407535683019],[-73.91558377690811,40.86407065104812],[-73.91553872983704,40.864066818775754],[-73.91549340827859,40.8640661944525],[-73.91543982630444,40.86407835657505],[-73.91540554211757,40.864081582733014],[-73.91538444080764,40.86408030195852],[-73.91537454216397,40.86407970082963],[-73.91535981972858,40.864077289821104],[-73.91534579110105,40.86407312930818],[-73.91533281448375,40.86406732552408],[-73.91532122121656,40.86406002666066],[-73.91531130731791,40.86405141908451],[-73.91530571227534,40.8640429395911],[-73.91529828272343,40.86403531525053],[-73.91528923928861,40.86402877247306],[-73.91527885052257,40.86402350555125],[-73.91526742492728,40.86401967089008],[-73.91524067177448,40.86399606767228],[-73.91521584698313,40.86397595218864],[-73.91519574800094,40.86394522473593],[-73.9151880304017,40.863897743013204],[-73.91518505954349,40.86387946003717],[-73.91518192994803,40.863860203634964],[-73.91518119486989,40.86384311506678],[-73.91517880018044,40.863787451908316],[-73.91517693846923,40.86374418652186],[-73.91517656557124,40.86373551943923],[-73.91517539779184,40.86370838519619],[-73.91517556429645,40.86368043425354],[-73.915200710796,40.86365218622611],[-73.91521818572716,40.86364108189835],[-73.91525443919623,40.86361804428278],[-73.91529676393391,40.863598644019255],[-73.91530810246218,40.86359047369602],[-73.91534455813895,40.86356420568447],[-73.91536190015063,40.86354723306975],[-73.91537404222024,40.863528730670616],[-73.91541657363635,40.8634479063176],[-73.91542702548128,40.863429171491596],[-73.91546863429194,40.863362498125696],[-73.91547682444252,40.86334610729683],[-73.91548516464168,40.8633007173181],[-73.91547306854244,40.86328033111121],[-73.9154598747829,40.86325707342239],[-73.91545061536698,40.863232984517275],[-73.91545496554076,40.863208457795025],[-73.91542295700948,40.863194180128346],[-73.91541083335721,40.863195485962414],[-73.91534506689483,40.86316454177232],[-73.9154109612744,40.86309491906992],[-73.91538673051069,40.86308438470335],[-73.91544970533424,40.86300651049483],[-73.91549965939643,40.86293812779101],[-73.91552015328232,40.86291007496556],[-73.91556578044884,40.86293107237712],[-73.91557595266798,40.862916103754166],[-73.91556299694872,40.86290925162356],[-73.91557991520047,40.86289599834807],[-73.91558892372575,40.86290113818298],[-73.91559964505721,40.86289215974954],[-73.91559401542841,40.86288915679962],[-73.915603610168,40.862879752870484],[-73.91561827252399,40.862878908221234],[-73.91567199779999,40.862902427878055],[-73.91568204906034,40.8628939057829],[-73.91569323361995,40.862879818390915],[-73.91571907457929,40.862852864033],[-73.91578014796721,40.86278915736015],[-73.91581868929788,40.862751251544715],[-73.9158388384916,40.86273143418335],[-73.91585768842066,40.86271494020028],[-73.91586450572656,40.86270897447904],[-73.91586962339923,40.8627044959614],[-73.91593363168657,40.86264848819686],[-73.91595185403473,40.86263145481895],[-73.91595260030206,40.8626307569586],[-73.91610517927835,40.862488144306106],[-73.91616935439086,40.86244126034395],[-73.9162048494689,40.862421286040586],[-73.91622522141249,40.86240541779584],[-73.91627635012742,40.862365591432216],[-73.9163917500315,40.862275702778845],[-73.91640019183043,40.86226912657571],[-73.91642605482255,40.8622489805492],[-73.91649196679447,40.86219763869991],[-73.91652512043825,40.86218050396307],[-73.91653438522638,40.862175715649975],[-73.91656892746036,40.86215786440329],[-73.91659639029284,40.862146379604965],[-73.91660191778598,40.862141955293055],[-73.91661720458502,40.862129720565726],[-73.91663823024982,40.86211289046681],[-73.91664696334841,40.86210590050614],[-73.91666173978952,40.86209363525001],[-73.91672483714147,40.862041257615616],[-73.91673206785211,40.86203473043573],[-73.91674689045284,40.86202134865997],[-73.91675431445412,40.862014645383816],[-73.91676153411372,40.86200812807796],[-73.91678113004171,40.861990438364934],[-73.91678584948336,40.861986175958826],[-73.91679534822482,40.86197760126733],[-73.91685100780661,40.86196360881363],[-73.91687889301265,40.86195358002849],[-73.91692039865875,40.86193172754322],[-73.91709135961965,40.86186030823953],[-73.91715278759457,40.861810761148995],[-73.91723056919916,40.861736543731176],[-73.91727034392622,40.86169469967217],[-73.91729467741739,40.8616794177281],[-73.91734277917425,40.861617327567885],[-73.91737841920231,40.861570977988194],[-73.91740810708997,40.86153273711675],[-73.91740994469338,40.86148637270635],[-73.91746019820877,40.86142947038564],[-73.91748061393716,40.86139863458943],[-73.91750401182694,40.86136332436712],[-73.91751560442543,40.86134992426697],[-73.91753292728849,40.86133573654692],[-73.91754749551944,40.861323130787504],[-73.91756413342313,40.8613068347965],[-73.91757176600527,40.8612921169717],[-73.91759256564407,40.861276364211854],[-73.91761405307768,40.86126112506291],[-73.9176563633175,40.86122119177236],[-73.9176882562444,40.86119282169405],[-73.91772917588622,40.86114499921978],[-73.91778534143992,40.861093504262975],[-73.91780823442207,40.861063553354526],[-73.91782702380144,40.861042782805335],[-73.91782221945626,40.861024436096336],[-73.91783553764935,40.86099693643004],[-73.91782468139107,40.86098042163284],[-73.91782136420316,40.860948901791176],[-73.91784103780006,40.860931446315526],[-73.91786115746794,40.86090065580495],[-73.91786536368974,40.86088446734714],[-73.91787707054957,40.8608838360767],[-73.91788211332283,40.860873673855664],[-73.91790472454369,40.860849872503096],[-73.91790211673465,40.86083961370457],[-73.91792190583864,40.86082542617212],[-73.91792234646252,40.86081399972807],[-73.91788387387669,40.860802220768086],[-73.9179282850007,40.86074989818399],[-73.9179506170551,40.86073198472893],[-73.91805221056595,40.86062109843893],[-73.91826264968273,40.860404824813784],[-73.9184343925178,40.86022153339535],[-73.91836074527978,40.860195809044114],[-73.9183764802733,40.86017013802993],[-73.91838738720182,40.860135296392755],[-73.91839903543305,40.86009619650333],[-73.9183931121764,40.860080469421945],[-73.91841071714774,40.86004867742149],[-73.91842828384382,40.86005689261711],[-73.91843100174748,40.86004561218463],[-73.91843508111619,40.86001791510368],[-73.91845133777574,40.8599912463439],[-73.91846755030684,40.8599922832115],[-73.91849190290371,40.85997076111937],[-73.91850002964858,40.85995024476265],[-73.9185284501149,40.859918459210256],[-73.91855953955198,40.85990719880512],[-73.91858793825755,40.85989387260685],[-73.91861094928478,40.85986311030166],[-73.91860422359157,40.85983540659644],[-73.91860966058996,40.85981180808427],[-73.91862051432182,40.85978206428491],[-73.91864215241563,40.85976771610329],[-73.91866650284935,40.85973900873312],[-73.91867866057468,40.85974824666031],[-73.91869488928388,40.8597349215733],[-73.91869354554818,40.85972877084854],[-73.9187030249014,40.859716458204915],[-73.9186868141627,40.859705164426735],[-73.91873839393087,40.85964830753153],[-73.91872079932342,40.85964222493365],[-73.9188014004663,40.859558096235325],[-73.91877796600149,40.85954675031141],[-73.91888577964981,40.85943916349732],[-73.91890338201662,40.85941804164177],[-73.91900350576367,40.859313465901124],[-73.91913611131903,40.859172992340035],[-73.91923217991432,40.85907661700072],[-73.91933772085481,40.85896383259917],[-73.91940131157715,40.858899249081404],[-73.91943853541449,40.858855421344025],[-73.9194809622886,40.858813937358],[-73.91950213660932,40.858791133790525],[-73.91952342324122,40.85878363321199],[-73.9195456419026,40.858791614941346],[-73.91954627335289,40.8587985779833],[-73.91980771609522,40.85891081244993],[-73.92008353369317,40.859024565831184],[-73.92027570855228,40.85910140282125],[-73.92026652422828,40.85911033048931],[-73.920344957478,40.85914325674766],[-73.92039805137138,40.85916150182798],[-73.92041299163496,40.85914655080128],[-73.9204346715058,40.85912094659172],[-73.92044466588774,40.85912449207717],[-73.92046134307469,40.85910326112523],[-73.92032551794716,40.859043492109905],[-73.92026958923756,40.85901867159203],[-73.92024228428149,40.85901106140357],[-73.92020833439094,40.858995864678455],[-73.92019834633355,40.85898725863453],[-73.92009647993488,40.858945216688596],[-73.92006917227296,40.858938614444526],[-73.9199566565892,40.858886443576495],[-73.91993534975411,40.858880864172626],[-73.9199087158952,40.85886719354687],[-73.91984679689196,40.858843882069564],[-73.91977223409496,40.8588018582986],[-73.91977424610867,40.85879477229118],[-73.9198414912709,40.85882719222965],[-73.91991539174809,40.85885859803958],[-73.91996200375141,40.85887836026851],[-73.92007317233681,40.85892634345703],[-73.92047868273168,40.85910409209888],[-73.92043089498743,40.85915500079315],[-73.92044055434948,40.85916101282759],[-73.92043350742907,40.85917235515507],[-73.92050906689407,40.85920510375516],[-73.92050818037748,40.859212450713784],[-73.92061976769563,40.85925924508328],[-73.92065316209771,40.859263265996475],[-73.92067070680027,40.85928997791531],[-73.92069792257463,40.85932403533708],[-73.92069348890548,40.85935139804835],[-73.92074793277001,40.859398152999404],[-73.92081547121386,40.85952299831921],[-73.9208248103987,40.85953762397848],[-73.92096638988227,40.85975936383019],[-73.92107166676891,40.85993630055113],[-73.92120245201015,40.860098568838794],[-73.92127091296308,40.86018804281673],[-73.92132187073445,40.860214110516864],[-73.92134032213077,40.86021678889463],[-73.92134560571333,40.860212785676445],[-73.92136406183754,40.860211465944715],[-73.92139397626858,40.86019080173546],[-73.9214309172982,40.86017480715503],[-73.92145906374984,40.86016281389909],[-73.92151623522281,40.86013081281597],[-73.921516243884,40.860123473462295],[-73.92154265042416,40.86009880067786],[-73.92155671740983,40.86009947665005],[-73.92159014848224,40.86007280002692],[-73.92163335462683,40.859964040976706],[-73.92166068449616,40.85989065086137],[-73.92168799950952,40.85983994471323],[-73.92170654327684,40.859765207598194],[-73.92171803927064,40.859711825914154],[-73.92170136023316,40.859693795630506],[-73.92171017514355,40.859672441898276],[-73.92173654090337,40.859672459786005],[-73.92173832622478,40.85964710317351],[-73.92172252011017,40.85963373783413],[-73.92170406731475,40.8596310601862],[-73.92168648450127,40.85963572248606],[-73.92169705737561,40.85961169543944],[-73.921681237807,40.859609019575],[-73.92166455789794,40.85959232159733],[-73.92167072779536,40.859580979270355],[-73.92166897017296,40.859572306907125],[-73.92164788416521,40.85957094989089],[-73.92164878482532,40.85955093298407],[-73.92169009920316,40.859547620619736],[-73.92173052181315,40.85955566202526],[-73.92171996443375,40.85956766728362],[-73.92175425140597,40.85956902335628],[-73.92174017184134,40.859579693580436],[-73.9217586285431,40.8595790396907],[-73.92176920814187,40.85955902030007],[-73.9218034849833,40.85955904353637],[-73.92180349832363,40.85954769753201],[-73.92181669341468,40.85954236583365],[-73.92181579426176,40.85956039306939],[-73.92183337804887,40.85955506534815],[-73.92183602852764,40.859540380214554],[-73.9218395729169,40.85952169724202],[-73.92182640001575,40.859508343584224],[-73.92180092643797,40.859494971704606],[-73.92178421372903,40.85949696897955],[-73.92178423413667,40.859479616434314],[-73.92178951542853,40.85947561218862],[-73.92179128111253,40.85946693300164],[-73.92178337916832,40.8594602548595],[-73.92177813999356,40.85943689270543],[-73.92175531523264,40.85941085316412],[-73.92174475909616,40.85941151174214],[-73.92172807855619,40.85939481595044],[-73.92173862702768,40.8593914811851],[-73.92174216515129,40.85937813935414],[-73.92178084462934,40.859376166361095],[-73.92180105748636,40.8593835177479],[-73.92181422123176,40.85939487435813],[-73.92184589125199,40.859382881718936],[-73.92182743857451,40.859371523706734],[-73.92179318314028,40.85935281511764],[-73.92180638758452,40.85932879872233],[-73.92183628344658,40.85932347934412],[-73.92184158900886,40.859300124000605],[-73.92185654400586,40.85929078717141],[-73.92185568980089,40.859270760194775],[-73.92186363617529,40.85924073469048],[-73.92187159464888,40.85920002807938],[-73.9218663378377,40.85918133914469],[-73.92184878326592,40.859162641880246],[-73.92181013137586,40.859141256311396],[-73.92182860052971,40.85912859049986],[-73.92181807326592,40.85911523762748],[-73.92179523134098,40.85910387546248],[-73.92175392059787,40.859093834756635],[-73.92171348569521,40.85909647245444],[-73.92170031212021,40.85908378418312],[-73.92168362346337,40.8590744352779],[-73.92167133304586,40.85906707936504],[-73.92165637731456,40.859075749092504],[-73.92164144199684,40.859068400259105],[-73.92162299102388,40.85905569951581],[-73.92157640358325,40.85905500145103],[-73.92156323476816,40.859038306346164],[-73.92153688128272,40.85902828444125],[-73.92151667805072,40.859011584044225],[-73.92149647546023,40.85900556442385],[-73.92148241816876,40.858996873803385],[-73.92145693842014,40.858980170474965],[-73.92143674687564,40.858964812603055],[-73.92141478438384,40.858952109435],[-73.92140688831238,40.85893942522683],[-73.92139545451528,40.85894008384513],[-73.92138491884901,40.85893207156819],[-73.9213620792983,40.858919377006146],[-73.92134098678977,40.85891268984176],[-73.92132253891833,40.85890733762706],[-73.92130672674394,40.858899312865915],[-73.92129619437209,40.858879954400784],[-73.92131378782533,40.85887529166459],[-73.92134542016328,40.858885327103536],[-73.92137001739712,40.858896690889445],[-73.92138847158087,40.858896703464815],[-73.92137003870053,40.85887867193551],[-73.92133313153477,40.858866633349294],[-73.92130940178662,40.858863943160905],[-73.9212777512906,40.85886926120573],[-73.92125580070537,40.85884655402923],[-73.9212391392648,40.85881451254545],[-73.9212391637713,40.858793818749575],[-73.92124971927113,40.858784488376116],[-73.92125502174757,40.8587631316076],[-73.92126384154847,40.85873710468047],[-73.9212568347567,40.85871508298704],[-73.92123928232213,40.85869371179084],[-73.92121027761029,40.85868901775314],[-73.92118832732727,40.85866631123331],[-73.92117253002299,40.858645616344376],[-73.92113298285794,40.85863890664743],[-73.92110400043417,40.85861619463401],[-73.92110930043289,40.85859751288118],[-73.92112073232282,40.858588182783485],[-73.92110317429308,40.85857215103116],[-73.92108911428319,40.858566801779176],[-73.9210856169332,40.85855611977913],[-73.92107155243161,40.85855344402564],[-73.92110236769079,40.85851275393429],[-73.92111383642961,40.85847271768559],[-73.9211217794415,40.858445357353375],[-73.92109189655196,40.858441329092834],[-73.92108224017709,40.85843265198644],[-73.92106819230399,40.85841728853426],[-73.92106558355202,40.85839726855682],[-73.92105857633999,40.85837457122833],[-73.92107355499465,40.85834521632242],[-73.92107885124753,40.85832986610285],[-73.92105864446769,40.8583171739502],[-73.92107887262885,40.85831184781727],[-73.92108767646545,40.85829984124805],[-73.9210639508845,40.858293818638714],[-73.92099712882869,40.858303777223554],[-73.920987480155,40.85828975947242],[-73.92094165735571,40.85828441491412],[-73.92092950082889,40.858255014122946],[-73.92091459857778,40.858218966637764],[-73.92093869016881,40.85812067496409],[-73.92114396588988,40.857551224560275],[-73.92122323658643,40.85752233035387],[-73.92130475209376,40.857420651433195],[-73.92136378026933,40.85739996435883],[-73.92140169782736,40.85738959755397],[-73.92145963506582,40.85736725338436],[-73.9215196726864,40.85734890638007],[-73.92155550463555,40.85732175009371],[-73.92158397059998,40.857289791927705],[-73.92159242598983,40.85726341560271],[-73.92158614447906,40.857232234242346],[-73.92157985204535,40.857211444344415],[-73.92155849622625,40.857152702522896],[-73.92155857155751,40.857088830629145],[-73.92159160704566,40.857065154233496],[-73.92161794209842,40.85705477914981],[-73.92164638409345,40.85704360657241],[-73.92166323915434,40.857035623806],[-73.9217032680549,40.85702126106153],[-73.92174434054141,40.857013294715735],[-73.92180121504491,40.85699894336225],[-73.92183702160173,40.85699257192151],[-73.92186334597841,40.8569917904993],[-73.92188651896512,40.856984611735186],[-73.92190021806431,40.8569750267821],[-73.92191814231151,40.856954253125004],[-73.9219413289678,40.856934283116885],[-73.92196978492623,40.856911118313],[-73.92204492215916,40.856854159584245],[-73.92207464948125,40.856779491241106],[-73.92215747202226,40.85676624797902],[-73.92216865081173,40.85673844631592],[-73.9221463715986,40.8567263407912],[-73.92210975260925,40.8567202706607],[-73.92216714728863,40.85666348247122],[-73.92221972249489,40.85664175463907],[-73.92224682582821,40.856613963702586],[-73.92229299127105,40.856627295487364],[-73.92233282523733,40.85660797655008],[-73.92237695742358,40.85658356962487],[-73.92237142624975,40.856280341653815],[-73.92234465187742,40.856253122537524],[-73.92237468647075,40.85621505397572],[-73.92237580865482,40.855978348952995],[-73.9223445930786,40.85568233648453]]]]},"properties":{"shape_area":"14436881.4205","ntaname":"Inwood","cdtaname":"MN12 Washington Heights-Inwood (CD 12 Equivalent)","shape_leng":"23742.6967587","boroname":"Manhattan","ntatype":"0","nta2020":"MN1203","borocode":"1","countyfips":"061","ntaabbrev":"Inwd","cdta2020":"MN12"}},{"type":"Feature","geometry":{"type":"MultiPolygon","coordinates":[[[[-73.92288794949759,40.858856941245875],[-73.92281913719484,40.85757186343758],[-73.92277921133945,40.85682619839088],[-73.92277079722804,40.856706918237954],[-73.9227683734649,40.85658748130017],[-73.92277194353532,40.85646806094253],[-73.92278150222548,40.856348830505375],[-73.92279703587407,40.85622996293525],[-73.92281852166276,40.856111630892094],[-73.92284592837328,40.85599400613365],[-73.9228792161941,40.85587725939011],[-73.92262198608255,40.855780853371265],[-73.9223445930786,40.85568233648453],[-73.92229610926192,40.855663835731214],[-73.92227873064479,40.85565498884379],[-73.92240035875272,40.855510055974456],[-73.92266929695283,40.85517977496082],[-73.92281985673714,40.85498867701387],[-73.92290114139594,40.854885505308744],[-73.923132985165,40.854589470317784],[-73.92341584183549,40.85422580686479],[-73.92360595220674,40.85397719803473],[-73.92400939220444,40.85343695442053],[-73.9244406513995,40.85284047270446],[-73.92467021184008,40.85250663957788],[-73.92497396914037,40.8520709093696],[-73.92502191229713,40.85202171042404],[-73.92503326859799,40.85199378494467],[-73.92507294800679,40.85194222070412],[-73.92510980271067,40.85189281700851],[-73.92514666528807,40.85183695644942],[-73.92515518101398,40.85181547642163],[-73.92517217728978,40.8518025928319],[-73.92521754031004,40.85173813761112],[-73.92527707938387,40.851647910699846],[-73.92529694152859,40.851607086202336],[-73.92534796606829,40.85153834833889],[-73.92542451604912,40.85142233374185],[-73.92548973032238,40.851326734891806],[-73.92553224547352,40.851273030364254],[-73.92554359303259,40.85124295131129],[-73.92563999034672,40.85109901600745],[-73.92566267418393,40.85106893754769],[-73.92573638681262,40.85095507157293],[-73.92575544275036,40.85092631670697],[-73.92585363309033,40.85077814754507],[-73.92587970419737,40.850752742442914],[-73.9258946157337,40.850716021158775],[-73.92602877508577,40.850514127711975],[-73.92623817249337,40.8502071759825],[-73.92625607778918,40.85018092828897],[-73.92649455759583,40.84983926218357],[-73.92671439092524,40.84953289298911],[-73.92692303519878,40.849250531608114],[-73.92711679645474,40.84896816076997],[-73.92725466369204,40.848763440050945],[-73.92740369127668,40.8485573121181],[-73.92752293332553,40.84837941376701],[-73.92765334858287,40.8481874025727],[-73.92797377830429,40.84772713626884],[-73.92813798976466,40.847491634203074],[-73.92821693262135,40.84738013694401],[-73.928391510366,40.84713222929978],[-73.92842200947663,40.847082681015294],[-73.9284550192906,40.847031472780635],[-73.92848994827669,40.846981958384134],[-73.9285202652456,40.84693897872704],[-73.92928544019534,40.84585422120131],[-73.92932522842008,40.84579501258409],[-73.92938078797037,40.845713088024226],[-73.92942845919463,40.845644160957065],[-73.92961778774986,40.84537197685602],[-73.92967631216537,40.84528959996825],[-73.92971850477636,40.84523177725864],[-73.92976558965104,40.84515549908738],[-73.9298142904901,40.84507738364222],[-73.92986949219896,40.844983883071166],[-73.9299230671309,40.84489407420765],[-73.92998963816926,40.84476919693731],[-73.93004648071964,40.844660930230226],[-73.93009844615571,40.84455511810987],[-73.93015203635488,40.8444493054404],[-73.93022352213245,40.84428444159578],[-73.93027389095427,40.844163490985444],[-73.93031939529523,40.844044141116434],[-73.93039902009504,40.84382880869257],[-73.93045266598502,40.84368115937816],[-73.93049978822178,40.84355565022298],[-73.9305453004987,40.843428546591284],[-73.93056966892269,40.84337194730113],[-73.93057942780858,40.84333749991765],[-73.93062818153543,40.84320584088488],[-73.93067529907292,40.84308525851728],[-73.93069805828584,40.843023119393614],[-73.93072736300049,40.842939705502936],[-73.93077282921934,40.84281025121568],[-73.93078580763273,40.842793033211564],[-73.93080204561862,40.84276596475724],[-73.93081019415833,40.84271797293053],[-73.93089465135253,40.84253834014154],[-73.93097488039714,40.84240043206545],[-73.93122229886856,40.8419311978196],[-73.93135888954949,40.8416883406221],[-73.93152929620497,40.84138537503963],[-73.93183461490949,40.840836973049434],[-73.93216201590911,40.84025506855304],[-73.93279555797109,40.83912375004072],[-73.9329597324677,40.83878578135534],[-73.93309918150779,40.83854347478864],[-73.93316806379029,40.83842168184706],[-73.9332666973021,40.8382502719511],[-73.93335684361466,40.83808787017988],[-73.93341807218584,40.83797188003897],[-73.93346654180982,40.83789132502083],[-73.9335311695074,40.83776630606903],[-73.93363830694679,40.837579421198875],[-73.93377517793459,40.83737128547624],[-73.93390952876399,40.8371328548001],[-73.93401498008377,40.83693436237371],[-73.93410258002271,40.8367661692385],[-73.93419823237818,40.83657279307641],[-73.93428447793843,40.836383843648974],[-73.93431245358906,40.836318503157194],[-73.93436132705646,40.83620077559352],[-73.9344523930909,40.835980960652016],[-73.93463510507978,40.836050192746804],[-73.93467393002148,40.83606490323883],[-73.93485595040315,40.83585697518631],[-73.93496274110625,40.8357599352525],[-73.93506336254389,40.83567765880954],[-73.93530787937625,40.83547772543557],[-73.9357262417768,40.83515634726905],[-73.93660364645432,40.83451301667616],[-73.93700641578585,40.83419311118516],[-73.93729533199006,40.833975919208314],[-73.93797246098403,40.83344281756486],[-73.93808182051399,40.83335749030358],[-73.93818807523338,40.83326992935748],[-73.93829114609713,40.83318019987477],[-73.9383909560032,40.83308836874738],[-73.93848743113787,40.832994504179354],[-73.9385804997354,40.83289867600817],[-73.93877360195481,40.83266321266211],[-73.93894859700762,40.83241733632789],[-73.93905770848107,40.83224050377776],[-73.93910667015705,40.832161233093395],[-73.93915027894104,40.832080179345844],[-73.93918842274455,40.83199755090541],[-73.93922856097772,40.83190780248337],[-73.9393139715856,40.83168414444309],[-73.93934990043896,40.83160394899513],[-73.93939397719073,40.83152613366699],[-73.93944593176458,40.83145117521467],[-73.93950544582285,40.831379532889244],[-73.93957215471526,40.83131164562336],[-73.93973047314424,40.831144151676334],[-73.93977940284867,40.831097166979646],[-73.9398236755727,40.831051244786636],[-73.93986433382429,40.83100343314303],[-73.93990123821465,40.83095389597119],[-73.93993407296874,40.830895118913396],[-73.93996168792495,40.83083481315234],[-73.93998396079002,40.83077324578573],[-73.93999744228613,40.83073463683538],[-73.94006947601358,40.83048997494212],[-73.94014131121864,40.830371988880295],[-73.94034643247466,40.8304578433521],[-73.94036875609723,40.83155613019511],[-73.940340719091,40.83164037137914],[-73.94030635908895,40.83172325058048],[-73.94026578947856,40.83180449424158],[-73.94021914474904,40.831883834237736],[-73.94016657824261,40.8319610086857],[-73.94010826344577,40.83203576285547],[-73.93976104123519,40.83250964710583],[-73.93967601860312,40.832685372012165],[-73.93964804159968,40.83275470263592],[-73.93961421519776,40.832822512510035],[-73.93957468123693,40.83288851726147],[-73.93952960549396,40.8329524400865],[-73.93947917698746,40.83301401291127],[-73.93942360720432,40.83307297737289],[-73.93936312916999,40.83312908633469],[-73.93929799650174,40.83318210449035],[-73.93922848233936,40.83323180949476],[-73.93915487819885,40.83327799289708],[-73.93849196747729,40.83384379969909],[-73.93840225595463,40.83390859248631],[-73.93831777962812,40.833977325133034],[-73.93823883790826,40.83404975404261],[-73.93816571059287,40.83412562251799],[-73.93809865687524,40.834204661670654],[-73.93803791452228,40.83428659111124],[-73.93798369871514,40.83437112072411],[-73.93793620162951,40.83445795092201],[-73.93789559162968,40.83454677396283],[-73.93786201267388,40.8346372750402],[-73.93775116167781,40.834890577442856],[-73.93738281059397,40.835690729391224],[-73.9370235386851,40.83646894776551],[-73.936690785677,40.837193249531765],[-73.93638316770861,40.837850125052746],[-73.93623075692037,40.83807785688721],[-73.9361020043896,40.83822716914277],[-73.93595950279861,40.83836989847541],[-73.93580416610631,40.83850497704385],[-73.93563711269493,40.83863142004579],[-73.93545962139885,40.838748404264486],[-73.93533073260944,40.838874796802344],[-73.9353306131628,40.838874912996886],[-73.93533051841027,40.83887504026186],[-73.93521776534736,40.839015823468365],[-73.93521772912962,40.83901586733928],[-73.93521769444548,40.839015921765025],[-73.93512487130586,40.83916933228746],[-73.93512477630719,40.83916948484818],[-73.93512471704223,40.83916963793163],[-73.93505508758868,40.83933323616285],[-73.93501119207465,40.839503972464634],[-73.93499463603864,40.839678055702],[-73.9349946236068,40.83967813694406],[-73.9349946235284,40.839678217187874],[-73.93500574203395,40.83985180272263],[-73.93500575273647,40.83985191145159],[-73.93500577712462,40.83985201013679],[-73.9350437325828,40.84002151298278],[-73.93504374333817,40.84002156743411],[-73.93504376710875,40.84002162122259],[-73.93510666548438,40.84018372733779],[-73.9351916156034,40.840335400532005],[-73.93519169928565,40.84033554431441],[-73.93519180546716,40.84033568827696],[-73.93529543123057,40.84047481915911],[-73.93543637028168,40.84075133160862],[-73.93559506228495,40.84117340059595],[-73.9356281837984,40.84127910026653],[-73.93562826648588,40.841279362152285],[-73.93562830109494,40.84127961412736],[-73.93564242460909,40.84138913110527],[-73.93564244828501,40.84138928373256],[-73.93564243511317,40.84138944605571],[-73.93563666110339,40.84150014034191],[-73.9356366493592,40.841500195283146],[-73.93561111036642,40.84160880727186],[-73.93561108491222,40.841608896715286],[-73.93561105018428,40.84160899536741],[-73.93556697174414,40.841712527557945],[-73.93514017328262,40.842311673991624],[-73.93467106292498,40.84295724362506],[-73.93440841925828,40.843307181561606],[-73.93421198409375,40.843568903847796],[-73.93371553768901,40.8442463751703],[-73.93323248402031,40.84490992227749],[-73.93315044085297,40.84502194338425],[-73.9327702041393,40.8455411066333],[-73.93232515234376,40.84615390123645],[-73.93224030048655,40.84626460312275],[-73.93218663369642,40.84634306745003],[-73.93210093593626,40.8464577304988],[-73.93207258053911,40.846495679007646],[-73.93204002689339,40.84653350659678],[-73.93201002948496,40.846575966035395],[-73.93198004351923,40.846618416091346],[-73.931915072888,40.84671052361167],[-73.93185010207398,40.84680263394174],[-73.93139355315752,40.84742823140954],[-73.9311615170705,40.84774060101769],[-73.93088430007421,40.848118938483225],[-73.93062107731568,40.84848097743807],[-73.92970731492962,40.84812261288658],[-73.92898242633322,40.84925612249152],[-73.92866655364952,40.8495755293012],[-73.92824918846766,40.84983985458188],[-73.92791138567469,40.850213580391554],[-73.92747680397197,40.850694370798884],[-73.92707982277773,40.85143234338421],[-73.92705666626881,40.85181363792866],[-73.92703315604315,40.85220077510197],[-73.92769565671846,40.852487782775434],[-73.92723934829799,40.85311537265821],[-73.9267993782986,40.85371714546669],[-73.92528478826843,40.85581928881417],[-73.925171729613,40.85595018018958],[-73.92506423454707,40.85608374657494],[-73.92496241279014,40.85621985168203],[-73.92486636883604,40.856358356450095],[-73.92477620021997,40.85649911974178],[-73.92469199898966,40.8566419979194],[-73.9246649355739,40.85672185949796],[-73.92464570529472,40.85680301933327],[-73.92463441297657,40.856885035141374],[-73.9246311201873,40.85696745997223],[-73.92463584512092,40.85704984441372],[-73.92464856181613,40.857131739722185],[-73.92466920100124,40.85721269959933],[-73.92469765022878,40.8572922828431],[-73.92500175450846,40.85787746520007],[-73.92505245361198,40.85793596849389],[-73.92511009059055,40.857990643514555],[-73.92517416713254,40.85804101754328],[-73.92524412896897,40.85808665523533],[-73.92531937152042,40.85812716183878],[-73.92539924424663,40.858162187132734],[-73.92548340491622,40.85818853171599],[-73.92557056211805,40.85820848443276],[-73.92565987599924,40.858221853016694],[-73.92575048592354,40.85822850864689],[-73.92584151876424,40.858228387188994],[-73.92593209731935,40.858221489813424],[-73.92602134876468,40.85820788298401],[-73.92610841290502,40.858187697735204],[-73.92619245093358,40.858161128667696],[-73.92627265305713,40.85812843180298],[-73.92634824644841,40.85808992221038],[-73.92641850269419,40.85804597097036],[-73.92648274481361,40.85799700159842],[-73.92654035378283,40.85794348596422],[-73.92659275472403,40.85786666577939],[-73.926649034862,40.85779144408301],[-73.92670910973638,40.8577179337439],[-73.92677288942421,40.857646245325896],[-73.92684027797056,40.85757648613925],[-73.92691117424988,40.85750876085554],[-73.92712221983534,40.8581096112103],[-73.92709952023758,40.85827527034026],[-73.92705257822142,40.85844158657421],[-73.92698091134234,40.858605481672576],[-73.92688494937832,40.85876382250714],[-73.9267660251731,40.85891354134067],[-73.92662633027959,40.85905185961606],[-73.92646882741118,40.85917645492959],[-73.92629698047985,40.85928556473242],[-73.92611457948757,40.859378102989936],[-73.92592136928403,40.85949958856512],[-73.92573921378832,40.859636065882576],[-73.92557098895175,40.85978668985162],[-73.92541941371896,40.85995018157461],[-73.92528690101587,40.86012489977852],[-73.92517550897851,40.8603088471432],[-73.92508675836139,40.86049976683879],[-73.9250216271362,40.860695226780344],[-73.92500890230032,40.86075631388311],[-73.9249684813092,40.860900934495646],[-73.92493538737384,40.861110856707974],[-73.9249283292659,40.861286835045846],[-73.92479253279703,40.86153569743345],[-73.92477916669033,40.86157991517138],[-73.92474153319307,40.86159363825152],[-73.92472275869338,40.86156248696539],[-73.92467728584278,40.86149664530956],[-73.92461303395655,40.861399731398],[-73.92408161014636,40.860555074809234],[-73.92363358101052,40.85990036697984],[-73.92295854084045,40.85891389370708],[-73.92288794949759,40.858856941245875]]]]},"properties":{"shape_area":"7751324.62516","ntaname":"Highbridge Park","cdtaname":"MN12 Washington Heights-Inwood (CD 12 Equivalent)","shape_leng":"27608.2158158","boroname":"Manhattan","ntatype":"9","nta2020":"MN1291","borocode":"1","countyfips":"061","ntaabbrev":"HghbrdgPk","cdta2020":"MN12"}},{"type":"Feature","geometry":{"type":"MultiPolygon","coordinates":[[[[-73.92640556854903,40.877621476536945],[-73.92635080268305,40.87759231996014],[-73.92629680992592,40.87756502787574],[-73.92631001673114,40.87755063337912],[-73.92630253542418,40.87753743088025],[-73.92629743588111,40.87752359003227],[-73.9262945620136,40.877506090019885],[-73.92629548797319,40.87748846859306],[-73.92630018894712,40.87747119789706],[-73.92630853897545,40.87745474067961],[-73.92632031432662,40.8774395378917],[-73.92633519949247,40.87742599687354],[-73.92635279564199,40.87741448043951],[-73.92637263130739,40.87740529715797],[-73.92639417501641,40.877398693083286],[-73.92642113935527,40.87736696588057],[-73.92644105079621,40.877332366949915],[-73.92645339386053,40.87729579202721],[-73.92645784901056,40.87725818800365],[-73.92644013576117,40.877218404002285],[-73.92641433024085,40.87718125731967],[-73.92638108629913,40.87714768914465],[-73.92634124625025,40.87711854999606],[-73.92629581953007,40.87709457817293],[-73.92624595712034,40.87707638104931],[-73.92619292238606,40.877064419684885],[-73.9261380590669,40.877058997144275],[-73.92608275723141,40.877060250818026],[-73.92597565610987,40.877054867949965],[-73.92586834062308,40.87705644724496],[-73.92576159488087,40.87706497716368],[-73.92565619883116,40.877080395381576],[-73.92555292256125,40.877102589243975],[-73.92545252067194,40.877131396588936],[-73.92535572676475,40.87716660693255],[-73.92526324808236,40.87720796300602],[-73.92517576034098,40.87725516263569],[-73.9251688214016,40.87728336201787],[-73.9251575024618,40.87731073231326],[-73.92513804764002,40.877342372782536],[-73.9251127543065,40.87737153784615],[-73.9250821570128,40.87739761111821],[-73.92507323779525,40.87739347740125],[-73.92502681080448,40.87737196279993],[-73.92496239613016,40.87739363758495],[-73.9248956788898,40.87741083771335],[-73.92482719737022,40.87742342441075],[-73.92474202524137,40.87743239090463],[-73.92465607183912,40.87743422776996],[-73.92457036995522,40.87742891293547],[-73.92448594935954,40.87741651026286],[-73.92440382442466,40.877397168778984],[-73.92400505010013,40.877317442656754],[-73.92386147764229,40.877270064578006],[-73.92381973555378,40.87726181221348],[-73.92377681206845,40.877258575610085],[-73.92373374677648,40.877260433157],[-73.92369158270206,40.87726733986531],[-73.9236513410433,40.87727912845719],[-73.92361399643899,40.87729551341741],[-73.92354823367552,40.87730137973707],[-73.92329476733978,40.87726443495728],[-73.92318658338237,40.877216745345756],[-73.92315177551696,40.87720140121702],[-73.92312291445752,40.8771886779114],[-73.92309889663515,40.87716676803313],[-73.92307297768262,40.87714216713805],[-73.9229989883946,40.87710057903381],[-73.92299761359368,40.87709621197235],[-73.92296914988833,40.877059479371844],[-73.92292375203762,40.87703438615703],[-73.9229051169182,40.877026377851124],[-73.92285992854889,40.87701252167136],[-73.92283147428991,40.87700596909549],[-73.92281051453199,40.87700495764841],[-73.9228031115368,40.87701337339292],[-73.92279447112485,40.87700479815649],[-73.9228073501511,40.876990416906395],[-73.92281246559946,40.8769790825587],[-73.92279410684586,40.87697600511537],[-73.92277552540165,40.87697159722236],[-73.9227515948522,40.87695376164897],[-73.9227150627937,40.87693181751403],[-73.9226711034121,40.876919866146174],[-73.92264377370492,40.87691635230172],[-73.92262222332893,40.87693206371377],[-73.9226195590289,40.87691702609433],[-73.9226090177389,40.87691449496121],[-73.92259596880955,40.876921233689615],[-73.92258515626511,40.87691378005266],[-73.92258024072251,40.87690617725509],[-73.92258384725633,40.87689634173586],[-73.9225771952872,40.87689567689893],[-73.92258179872749,40.87687808926517],[-73.92259148720343,40.87686583293423],[-73.92256855100553,40.876856918238694],[-73.92253786207063,40.8768713104603],[-73.92249234636265,40.87684892835073],[-73.9224768908113,40.87683204457966],[-73.92242340024197,40.876801464722206],[-73.92241708393723,40.87678589192047],[-73.92239768169317,40.87678022314125],[-73.92238754641627,40.876763232202876],[-73.92237669315773,40.8767589344792],[-73.92237632196873,40.87674793736853],[-73.92237521203974,40.87655685524671],[-73.92238115454445,40.87636582450497],[-73.92239414475749,40.87617499507534],[-73.92241417242346,40.87598451673064],[-73.92244122176271,40.87579453896681],[-73.92243956678479,40.87574312154874],[-73.92244468218188,40.87569183555909],[-73.9224565168356,40.875641193342446],[-73.9224749525037,40.875591700810915],[-73.92249980500121,40.87554385239009],[-73.9225508216894,40.87543488878027],[-73.92259328602802,40.87532383163705],[-73.9226270503254,40.8752110673321],[-73.9226519971594,40.87509698817422],[-73.9226680397856,40.87498199104477],[-73.92267512243839,40.874866476016514],[-73.9226732205239,40.874750844962094],[-73.92266234070608,40.874635500155556],[-73.922642520881,40.874520842873174],[-73.9226138300464,40.8744072719973],[-73.9225763680598,40.87429518262882],[-73.92253026529043,40.87418496471243],[-73.92247568216594,40.87407700168067],[-73.922412808613,40.87397166911963],[-73.92234186339626,40.8738693334628],[-73.92226309335696,40.87377035071622],[-73.92217677255427,40.87367506522043],[-73.92208320131007,40.87358380845232],[-73.92198270516597,40.87349689787261],[-73.92187563374863,40.87341463582134],[-73.92176235955483,40.8733373084665],[-73.92164327665486,40.87326518480866],[-73.92151879932163,40.87319851574507],[-73.92138936058979,40.87313753319766],[-73.92125541074923,40.87308244930576],[-73.92111741577914,40.87303345568886],[-73.9210886829401,40.87303639365475],[-73.92105969059985,40.87303637382594],[-73.92103096478225,40.87303339656215],[-73.92097343965176,40.8730180503928],[-73.92091406868335,40.87300750631093],[-73.92085354538548,40.873001887481024],[-73.92079257672576,40.8730012595362],[-73.92073187487424,40.87300562981147],[-73.92072984122653,40.87300831476123],[-73.92072725198503,40.873010708299574],[-73.92072417808504,40.8730127448524],[-73.92072070373999,40.87301436862574],[-73.92071692413404,40.87301553513424],[-73.92071294281443,40.8730162124199],[-73.92070886885425,40.87301638192769],[-73.92070481386484,40.87301603901365],[-73.92068931274824,40.873011839955474],[-73.9206835897852,40.87300439516061],[-73.92065921317045,40.87300564906421],[-73.92063787635436,40.87299879074989],[-73.92060389439703,40.87299108511303],[-73.92056972286971,40.872995205442365],[-73.92055602106606,40.87299877396313],[-73.92052553083953,40.87301698983925],[-73.92049019600645,40.87303219533471],[-73.92045784203479,40.873044471391935],[-73.92042553462315,40.87305452980503],[-73.92038723144371,40.873072665709095],[-73.92035690847119,40.87307978578133],[-73.92032849534033,40.87308988035927],[-73.9203019234,40.87310590583987],[-73.92029230572703,40.87309841662266],[-73.92027634052175,40.87310597879869],[-73.92025767981437,40.87312122639746],[-73.92022383019845,40.873149805012055],[-73.92019427081448,40.87316590077229],[-73.92016846718035,40.873168395934634],[-73.92015078813219,40.8731821269408],[-73.9201340570572,40.87319283447832],[-73.92012536070148,40.87320874882359],[-73.92010368749649,40.87322176123287],[-73.92008500471871,40.8732347460574],[-73.92006343503765,40.87325378750963],[-73.92004996719784,40.873283329205805],[-73.92001877553794,40.87332357773296],[-73.91999041526307,40.87335399345226],[-73.91998138656088,40.87338084897373],[-73.91997170843752,40.87339827820516],[-73.9199579782898,40.87340971350665],[-73.91995560487786,40.87345046513649],[-73.91996685684579,40.873471491190806],[-73.91996014690885,40.87348738763542],[-73.91996152695465,40.87351302125872],[-73.91996579612345,40.873532600600726],[-73.9199520088965,40.87354101173989],[-73.91994924637937,40.87355537557509],[-73.9199446246658,40.873578038038254],[-73.91992890927833,40.87359024423898],[-73.91992699169874,40.873594792493],[-73.91991209834775,40.87359567639479],[-73.91990536325109,40.87361081913319],[-73.91987352155941,40.87360808198666],[-73.9198288523095,40.87361073250042],[-73.91979301672416,40.87360651215787],[-73.91979277649067,40.87364631105566],[-73.91983229848532,40.87365245042013],[-73.91987188079324,40.8736488368024],[-73.91989957882036,40.87364893342663],[-73.91992525757013,40.87365427428488],[-73.9199419807086,40.87366934602075],[-73.91995774794708,40.87367916374338],[-73.91995366404522,40.87370092413407],[-73.91994859388684,40.87372192261679],[-73.9199544749417,40.87373020567344],[-73.91995934351043,40.87374448584663],[-73.91996224003286,40.87375575929276],[-73.91996707895035,40.87377304095115],[-73.91997384763368,40.87379784119851],[-73.91998163535098,40.873819643996285],[-73.91997464566946,40.873829381605766],[-73.91998543900768,40.87384443330806],[-73.9199987874959,40.87384560517086],[-73.92012987176467,40.87392339070104],[-73.92014481681673,40.87390542701952],[-73.92017044205042,40.873919779842545],[-73.9201554947968,40.873937742185674],[-73.92019591546101,40.87396115934361],[-73.92021382177705,40.87394395590924],[-73.9202413947941,40.87396281793417],[-73.92022250884892,40.87397851650827],[-73.92029151637314,40.8740162960233],[-73.92035164809928,40.874051043239284],[-73.92040584540679,40.87408426991438],[-73.92044131562498,40.874106909113294],[-73.92047377562697,40.874137059289154],[-73.92049985349443,40.874160050328136],[-73.92054444499338,40.87414518189617],[-73.92057687274603,40.8741805831901],[-73.92060639037845,40.87420696254283],[-73.92062699165622,40.87423481163135],[-73.92076966714161,40.87417738586548],[-73.92078761461565,40.87417891158701],[-73.92080255630286,40.874194059369316],[-73.9208075130687,40.87421526060258],[-73.92066084429314,40.87427874246639],[-73.92066980301328,40.87429691178127],[-73.92068572694251,40.874323414613194],[-73.92069665918827,40.874348401449424],[-73.92071107412308,40.874387394242284],[-73.92070010598914,40.87439193411202],[-73.92071604571976,40.87440632505268],[-73.92072498444527,40.87443055532351],[-73.92074290853479,40.87445175558194],[-73.92075785117537,40.874466146501895],[-73.92075483429682,40.874489611022035],[-73.92076677770551,40.87451081688588],[-73.92078070500605,40.87453125853112],[-73.9207816924167,40.87453958877674],[-73.92079265694446,40.874547170007915],[-73.92078865109998,40.874563060144766],[-73.92080359467634,40.87457669452632],[-73.92079957959731,40.87459107393671],[-73.92080954431862,40.87460092324097],[-73.92081650482736,40.87461379460441],[-73.92081649581893,40.87462135908936],[-73.92082945349202,40.874628941014336],[-73.92084240240146,40.874643330555124],[-73.92083940266551,40.87465241443046],[-73.92084337428213,40.874664528381615],[-73.92085235584432,40.87466377918169],[-73.92086879559815,40.87467627994881],[-73.92088273221427,40.874688391517324],[-73.92088671102694,40.874704296847284],[-73.92089167392983,40.87472095067343],[-73.920905614827,40.87473912254598],[-73.92091956358885,40.87475124483967],[-73.92092254079128,40.87476184470566],[-73.92091453517739,40.874780010750264],[-73.9209155093667,40.87479817524231],[-73.92092349157345,40.874799692605194],[-73.92092746229719,40.874813319953226],[-73.9209384181303,40.87482770845206],[-73.92094736912121,40.87484285210939],[-73.92097230704749,40.874841355788774],[-73.92098723992684,40.874864076238566],[-73.92098721924138,40.8748814835157],[-73.92100015808852,40.87489512470694],[-73.9210161056592,40.874902700113566],[-73.92103202290858,40.87493450816869],[-73.92105493692358,40.874960259196605],[-73.92108133530843,40.87497806130187],[-73.92111420160488,40.875013662593574],[-73.92114009384979,40.87504849286101],[-73.92115600330602,40.875077274259],[-73.92116695630614,40.875094689032245],[-73.92117492688597,40.875106048834695],[-73.92117491342414,40.875117404188615],[-73.92118186508976,40.87513784085068],[-73.9211698884575,40.8751438929738],[-73.92116987769575,40.875152970187415],[-73.92117284868125,40.87516811811745],[-73.92116885342728,40.875175679208695],[-73.9211698417931,40.87518325291785],[-73.92115787665247,40.87518853980351],[-73.92115986015386,40.875196114862746],[-73.92114389543738,40.875203667775324],[-73.92114588498275,40.8752067038096],[-73.92113391038936,40.87520972125545],[-73.92113190442407,40.87522183111017],[-73.92112690618762,40.87523469545259],[-73.9211109446201,40.87523846720651],[-73.92110394084412,40.8752528429074],[-73.921112903641,40.875267230695975],[-73.92110691408502,40.875276311528346],[-73.92110491037751,40.87528539676062],[-73.9210799642233,40.875292943523775],[-73.92106199576536,40.87530883400253],[-73.92105700109708,40.875319419699565],[-73.92103602143578,40.87534362880221],[-73.9210240353182,40.87536784372093],[-73.92101105768876,40.875376920770904],[-73.92099010857609,40.87538523599676],[-73.92097812109449,40.87540036481037],[-73.92096913044065,40.875418521471026],[-73.92095515364662,40.875429111230865],[-73.92093020805649,40.87543742320588],[-73.92092920057632,40.875446499233504],[-73.92091823046628,40.87545330838508],[-73.92091322183165,40.8754646603152],[-73.92090325515422,40.87546616638263],[-73.92089428451283,40.875457831170024],[-73.92087559199673,40.87546395002329],[-73.92080609643993,40.87547749297276],[-73.92076162738192,40.87545799596896],[-73.9207209780562,40.87543421667493],[-73.92065217843158,40.8754009184693],[-73.92060838741457,40.87538663786091],[-73.92056771003354,40.87538660986995],[-73.92048327708252,40.875343798743415],[-73.92038631582827,40.875310480635875],[-73.9202956152609,40.87527479180063],[-73.92026124411322,40.87523439088301],[-73.92021746382623,40.87521298438484],[-73.92012676655648,40.87517492028062],[-73.92005171240437,40.87513924107552],[-73.91997664865315,40.8751106877307],[-73.91995161400274,40.87511304550615],[-73.91987964506352,40.87511299556325],[-73.91981708805659,40.87509395118045],[-73.91974204739259,40.875046396596055],[-73.91969828107642,40.87501311472311],[-73.9196638817289,40.874996465654384],[-73.91962633653769,40.874994063703866],[-73.91959507734393,40.87496791574742],[-73.91956066367895,40.87496314232717],[-73.91951686588486,40.87495598604185],[-73.91940428333555,40.87490365510758],[-73.9192572909275,40.8748441747465],[-73.91917909122323,40.874822743765556],[-73.91913216360949,40.87481558514203],[-73.91909777317574,40.8747918106637],[-73.91900082276354,40.8747513654788],[-73.91894454965697,40.87471094878983],[-73.91887525897296,40.874678995890065],[-73.918848809211,40.87461797638495],[-73.91888377880666,40.874556899714754],[-73.91894166292741,40.87451143717742],[-73.91899807563085,40.87443784884701],[-73.91903564984806,40.874416499474115],[-73.91906385401646,40.874380892018884],[-73.91908892442908,40.87435003297071],[-73.91908582428354,40.874326279918144],[-73.91910463835946,40.87429304167643],[-73.91911409684639,40.87423367001924],[-73.91914856074126,40.87419806860471],[-73.91917676964738,40.87415771118252],[-73.91918930667346,40.87414109382713],[-73.91919563646876,40.87408171997087],[-73.91919573460348,40.87400096734848],[-73.91921148010462,40.87391784886659],[-73.91925225908247,40.87383474873786],[-73.9192586234015,40.873746873573324],[-73.91924621050313,40.87366136057491],[-73.91927438317983,40.87365188090463],[-73.91924001060697,40.87361385447237],[-73.91922123918908,40.87361146653084],[-73.91918371011128,40.87359718975921],[-73.91915247396872,40.87355204075156],[-73.91909936258139,40.873485500154985],[-73.91905250107584,40.873426089668],[-73.91899937186666,40.87337380001019],[-73.91892851230497,40.873316510215766],[-73.91891581319233,40.873324413229064],[-73.91889712993492,40.87332690205348],[-73.91888247982249,40.87332689175652],[-73.91887149110971,40.87332771846297],[-73.91886415724966,40.87333438574091],[-73.9188601206755,40.87334077791907],[-73.91884839620353,40.8733441050542],[-73.91883850364273,40.873346044042265],[-73.91882934850243,40.87334520434454],[-73.91882129028238,40.873345754181926],[-73.91881139726142,40.873348249845684],[-73.91879967618041,40.873348797104555],[-73.91878759190418,40.87334712040871],[-73.91877587467675,40.87334433245593],[-73.91876599252352,40.87333793132136],[-73.91875831278338,40.873328194346755],[-73.91874770183523,40.8733204029282],[-73.91873744949812,40.87331678090164],[-73.91872536896742,40.873312046072705],[-73.9187198811285,40.873307037630724],[-73.91871329183662,40.873304531371154],[-73.91871329727557,40.87330008230383],[-73.91871355980695,40.87329293864541],[-73.91871367576073,40.87328979650146],[-73.9187048926785,40.87328339513064],[-73.91869757440722,40.87327838640322],[-73.91869941400378,40.87327143650714],[-73.91870894542367,40.87326504870791],[-73.9187170111125,40.87325838195521],[-73.91872251096116,40.87325338125199],[-73.91872288218924,40.873249211702834],[-73.91872032112597,40.87324642952267],[-73.91871336287161,40.873246424621584],[-73.918707500971,40.873248088684676],[-73.9186957749448,40.87325197197906],[-73.91867159930946,40.873253901894074],[-73.91865986974125,40.873261399822326],[-73.91865289939625,40.873270013790865],[-73.91864886008544,40.87327862932275],[-73.91864116504263,40.873281959779874],[-73.91863200450747,40.873284455944685],[-73.91861745777868,40.87328635594979],[-73.9186034886985,40.8732860167478],[-73.91858681154766,40.873277872587934],[-73.9185703476018,40.87326269161228],[-73.91856521191309,40.87325127214537],[-73.91856571323925,40.873244678633135],[-73.91856625786373,40.873237509878074],[-73.91855082542595,40.87322217316114],[-73.91853126321536,40.87321308866147],[-73.91852666929822,40.87321323099557],[-73.91851642893513,40.87321354808953],[-73.91850799095154,40.8732065043297],[-73.9185038805391,40.87319821290002],[-73.91849995662193,40.87319171560386],[-73.91848115734186,40.87319561130328],[-73.91844037849654,40.87319735119585],[-73.91840892149025,40.87319732895917],[-73.91839143131394,40.87320881368346],[-73.9183972280827,40.87323181213353],[-73.91841698758448,40.873269853283375],[-73.91844725919323,40.87328667839221],[-73.9184949971543,40.87331147517498],[-73.91853226317997,40.873324766616506],[-73.91859397284928,40.87335664804452],[-73.91861259668146,40.87337081116346],[-73.91862886553942,40.8734053135749],[-73.91862765828594,40.87343980265704],[-73.91861247219596,40.87347251418034],[-73.91859729866316,40.87349549732513],[-73.9185728304931,40.87349636441582],[-73.91856116377701,40.87350962181262],[-73.91852735311049,40.873528170197034],[-73.91849587276052,40.87354760457031],[-73.91846904628126,40.87357146281509],[-73.91845390521401,40.87356791470511],[-73.91843877628337,40.87355375403123],[-73.91841198255509,40.87355108219991],[-73.91840148169123,40.87356257220139],[-73.91842475554564,40.87358558216746],[-73.91842473601622,40.87360150067422],[-73.91841772010476,40.87362183666981],[-73.91841071224552,40.87363686605051],[-73.91838740472794,40.87364127183681],[-73.91837340807098,40.87365452756655],[-73.91835241610362,40.87367131575721],[-73.91832792070926,40.87369429176762],[-73.91829527254013,40.87371460961211],[-73.91824631256627,40.87373668409595],[-73.91819852325497,40.8737534542764],[-73.91817869735254,40.873769358406285],[-73.91816235897635,40.87379145631401],[-73.91814717650598,40.873821514215415],[-73.91812269078602,40.873836531179904],[-73.91810403620767,40.87384713068049],[-73.91805893427565,40.87384986798405],[-73.9180516579742,40.873862545466594],[-73.91803715672657,40.87389725829066],[-73.91794108366345,40.87398314781033],[-73.91792902917979,40.8739788932051],[-73.91775468095318,40.874248534566206],[-73.91776990325678,40.874254303339974],[-73.9175772988473,40.87454867854723],[-73.91749921000472,40.874520079042796],[-73.91769066058569,40.874225222183206],[-73.91770931109484,40.87423249407937],[-73.9178903203217,40.873962477751235],[-73.91788506630628,40.873960250147604],[-73.91787144917501,40.87390499528868],[-73.91773016270119,40.87402315972218],[-73.91768683114125,40.87403599474184],[-73.91762086261484,40.874078833506985],[-73.91756808351947,40.87411739290484],[-73.91750587170966,40.87416881145445],[-73.91740413198764,40.87420304735121],[-73.91730050739558,40.87423871127946],[-73.91724588303666,40.87424581981683],[-73.91715920917858,40.87428006629997],[-73.91708950038661,40.8743014593244],[-73.91705554600371,40.874345750232855],[-73.91696700543396,40.87436712931134],[-73.9168973268617,40.87436422071441],[-73.91678994492887,40.87439273328015],[-73.91669385504383,40.87442554315147],[-73.91660905444867,40.8744683677399],[-73.91648661730285,40.87448686300659],[-73.91643573932065,40.874509699236],[-73.91634348667561,40.874523849889684],[-73.916212163228,40.87450358386791],[-73.91609852720362,40.87450015838926],[-73.9160167512427,40.87451484945588],[-73.9158903312501,40.87451963732436],[-73.91576604987803,40.87452767756278],[-73.9156846308446,40.87452761810513],[-73.91557751037355,40.87451940890477],[-73.91540183736201,40.874503016307365],[-73.91522402079842,40.87448662186768],[-73.91506980141524,40.87444910214072],[-73.91498198607032,40.8744246416374],[-73.91463283278519,40.87432662109684],[-73.914221679059,40.87419960314303],[-73.91419784904603,40.87418935531257],[-73.91399706226252,40.8741262859603],[-73.9139027384923,40.874095699672324],[-73.91358513705576,40.87402537978596],[-73.91349743189721,40.87398832101977],[-73.91334510510247,40.873944214912214],[-73.91329373384129,40.873935586426306],[-73.9132489069343,40.87392050298991],[-73.91319419253581,40.8738853813959],[-73.91314256425343,40.87386085272353],[-73.91309558920298,40.873845749015544],[-73.91303997948576,40.87383382104546],[-73.91298019756938,40.87383535572183],[-73.91288986719734,40.87382589523735],[-73.91273154132959,40.87379508225355],[-73.91261073308618,40.87375731562056],[-73.91250279259326,40.87371941237034],[-73.91228918621314,40.873628904318906],[-73.91207818471554,40.8735246336765],[-73.91163815732516,40.87330236484528],[-73.91157791409368,40.8732715879769],[-73.91151516034965,40.87323663012719],[-73.91166304856444,40.873126756474065],[-73.91176296391379,40.87305252463915],[-73.91182581979886,40.87299521244127],[-73.91188383732924,40.872935032209554],[-73.91193679050069,40.87287221810914],[-73.91198447195264,40.872807016178335],[-73.91207450799781,40.87270789537866],[-73.91216936131924,40.87261139813718],[-73.9122688993609,40.872517659286395],[-73.9123729836904,40.872426809809454],[-73.9124814682112,40.872338976675046],[-73.912594201325,40.87225428260913],[-73.91326815468233,40.87172372450181],[-73.91381371215034,40.87130054777422],[-73.91400985416992,40.87116059386453],[-73.9140903715633,40.871194632169825],[-73.91414729116272,40.871216538781674],[-73.91505692571246,40.87160289704367],[-73.91627785333326,40.87211564521814],[-73.91717258083182,40.87249664231386],[-73.91842924397557,40.87300977873346],[-73.91945895048647,40.87224928120527],[-73.91969887531994,40.872063531038854],[-73.91925481601531,40.87100784280269],[-73.92089662956921,40.86987702027935],[-73.92153136401495,40.86945006948435],[-73.921626226182,40.86939218466771],[-73.92172402896408,40.869337192293045],[-73.92182461940916,40.86928517835807],[-73.92192784084025,40.86923622421677],[-73.92203353120068,40.869190406428544],[-73.92214152520687,40.86914779664326],[-73.92234360638932,40.86945904067058],[-73.92382143365798,40.869018381667175],[-73.92619847735759,40.86851350036824],[-73.92639286284184,40.8683909399275],[-73.92700250526887,40.86795126028593],[-73.92872643114075,40.8667414282206],[-73.9293410403686,40.86725724114112],[-73.92998961730234,40.86779241087064],[-73.93091942301153,40.86857100148977],[-73.93117877468013,40.868768868547924],[-73.93127671427395,40.868843595243234],[-73.93141437292331,40.86896192907336],[-73.93150384484599,40.8690352215692],[-73.93150368633033,40.86932879367995],[-73.93156536939784,40.86958215843712],[-73.9321985504886,40.86984487141322],[-73.93220600465656,40.870096445104096],[-73.93212328460895,40.87037894360743],[-73.93204740481448,40.87058290346416],[-73.93203156926732,40.87075720203225],[-73.93191377136752,40.871129494225336],[-73.9317844012482,40.87133442292381],[-73.93160149587301,40.87158387547004],[-73.9314682113937,40.87179771620657],[-73.93137655898947,40.872108627360646],[-73.93122107559076,40.87233532285596],[-73.93106254199596,40.872666806528784],[-73.93084511434465,40.872887170307855],[-73.93068381818156,40.873156876900495],[-73.92997686743148,40.874338962330455],[-73.92986215062565,40.87441844152517],[-73.9293191881939,40.875294438560964],[-73.92917968255965,40.87555554896644],[-73.92901345809838,40.875738659587626],[-73.92859002632886,40.87609600979241],[-73.92832976902338,40.876353468581804],[-73.92814623537303,40.876522529446184],[-73.92803638576795,40.87658244200342],[-73.9279659464341,40.87661768587916],[-73.92753082127489,40.87671053481306],[-73.92689940502429,40.87721663393213],[-73.92660824434229,40.87750763171444],[-73.92653096278465,40.877583690777385],[-73.92648185718377,40.87761820352054],[-73.92641591454836,40.87761004719825],[-73.92640556854903,40.877621476536945]]],[[[-73.92359172508976,40.87895215933247],[-73.92361150251848,40.87890086090852],[-73.92359742020446,40.87889871249011],[-73.92361719191469,40.878852758033425],[-73.92362423150735,40.87885490178897],[-73.92363695222997,40.878815355931685],[-73.9236791931174,40.878826073996095],[-73.9236664792692,40.8788634970155],[-73.9236777382445,40.878865626136076],[-73.92366219321842,40.87891158339884],[-73.92365233486954,40.87891157687763],[-73.92362973884111,40.87896394391301],[-73.92359172508976,40.87895215933247]]]]},"properties":{"shape_area":"10007466.6784","ntaname":"Inwood Hill Park","cdtaname":"MN12 Washington Heights-Inwood (CD 12 Equivalent)","shape_leng":"23769.6972557","boroname":"Manhattan","ntatype":"9","nta2020":"MN1292","borocode":"1","countyfips":"061","ntaabbrev":"InwdHlPk","cdta2020":"MN12"}},{"type":"Feature","geometry":{"type":"MultiPolygon","coordinates":[[[[-73.94923327016367,40.79687199990516],[-73.94942287749448,40.79660638483059],[-73.94968682842163,40.796216985882765],[-73.95015821160811,40.79558773217425],[-73.95062885387514,40.79495959204615],[-73.95111102306247,40.794285035824224],[-73.95160265364838,40.79360780661899],[-73.95207127012497,40.792981172485746],[-73.95252222638707,40.79234762289535],[-73.95297740553535,40.791719693670686],[-73.95309827540682,40.791552752912345],[-73.95316044840538,40.79146688188584],[-73.95343683772947,40.79108514204158],[-73.95388917014776,40.79047049955923],[-73.95439919103133,40.78977490866739],[-73.9548172368436,40.78920474503972],[-73.95510416948366,40.78882207242293],[-73.95528233414731,40.788584455488014],[-73.95577735758036,40.78791392447048],[-73.95626130831457,40.787222876782145],[-73.95671862998218,40.78660079432696],[-73.95716243258384,40.785979638761766],[-73.95763599235518,40.785343458323304],[-73.95810353289924,40.784713004730776],[-73.95856809945384,40.78408344454207],[-73.9590117652701,40.78346128530461],[-73.95946905991516,40.78283332166448],[-73.9599209422003,40.78221294450728],[-73.96041430521686,40.781524268474556],[-73.96091016072192,40.780857036026696],[-73.96136872606758,40.78022974971744],[-73.96183836839708,40.77958419269862],[-73.96230361413694,40.778947041874744],[-73.96276715427432,40.77831304088832],[-73.96313459803535,40.77780805178082],[-73.96322991822858,40.77767704803172],[-73.9637260260802,40.77700571856983],[-73.96376123785065,40.77695097043722],[-73.96422820041792,40.77631030968475],[-73.96468735709493,40.77567708238511],[-73.96514745286605,40.7750442325921],[-73.96560968533342,40.77440720211531],[-73.96607448908784,40.7737729890998],[-73.96653616947071,40.77314036909261],[-73.96703947447702,40.77246121948618],[-73.96753398378233,40.77177618465396],[-73.96799327710882,40.77114723145509],[-73.96844155867254,40.77051632737545],[-73.96890454556068,40.7699008322933],[-73.9693648454653,40.76927065749306],[-73.96951605111292,40.76906520109445],[-73.96982455199645,40.76864600949075],[-73.97028165436144,40.76802503293212],[-73.97072777348453,40.76739372342118],[-73.97118520913466,40.76677029067482],[-73.97164774202095,40.76614246897499],[-73.9720985231214,40.76551725172979],[-73.97255352207601,40.764897732393266],[-73.97301487176121,40.764278879445236],[-73.97363584544792,40.76456991427818],[-73.97419228933254,40.76480652900181],[-73.97623388642693,40.765674632114376],[-73.97836112821051,40.76657371198948],[-73.97907658623869,40.766876086804785],[-73.98149121360566,40.76788119960336],[-73.98146797083336,40.76791887588059],[-73.98144993682224,40.767958166858925],[-73.98143730204843,40.76799865756543],[-73.9814301999647,40.76803992035541],[-73.98142870556222,40.768081519454675],[-73.98143283466636,40.768123015487205],[-73.98144254367759,40.768163970188056],[-73.98145773006304,40.76820395100888],[-73.98148203841929,40.76824242087663],[-73.98151200007102,40.768278512262256],[-73.98154721809718,40.76831174702964],[-73.98158722628571,40.768341684675924],[-73.98163149424346,40.76836792876213],[-73.98167943551239,40.76839013160616],[-73.98102289962173,40.76927283422968],[-73.98056370600722,40.769905325236],[-73.98011181473575,40.77052836934838],[-73.97965233314095,40.77115532754245],[-73.97919214357717,40.77178126600111],[-73.97872246726017,40.77241889878766],[-73.97828220014146,40.77303187940809],[-73.97782639298838,40.77365619242431],[-73.97737084838796,40.77428100771618],[-73.97691168226288,40.774909124027026],[-73.9764577724561,40.77553253775425],[-73.97595517295005,40.776219755128764],[-73.97545932367628,40.77689872272661],[-73.9750011183183,40.777527779916426],[-73.974754240142,40.777864693099524],[-73.97453231356181,40.77816778502544],[-73.97429294708233,40.778497989455936],[-73.97406668103346,40.77880541739134],[-73.97357117357147,40.7794778622911],[-73.97172305555839,40.78202147646227],[-73.97122292220932,40.782706256090044],[-73.97076013028558,40.78334013755343],[-73.97030068162124,40.78397541394852],[-73.96983225490668,40.78461091125618],[-73.96933573164641,40.785293280059264],[-73.96910950437494,40.7856032812021],[-73.96908608547696,40.785639696414265],[-73.96885036817855,40.78597405298805],[-73.96838479313631,40.78659569719409],[-73.9679269620018,40.787221571125635],[-73.96744908284967,40.787860721092834],[-73.96700976919085,40.78847679124436],[-73.96655226678882,40.789107153495664],[-73.96609500484251,40.789734390269],[-73.96562799450462,40.79036611763137],[-73.96517705432885,40.790990341099175],[-73.96468540607225,40.79166402679846],[-73.96417598455193,40.792362045027566],[-73.96380600911228,40.792879901808],[-73.96371100568128,40.793009029049706],[-73.96321832612631,40.79367857394802],[-73.96307930960458,40.79386787733287],[-73.9629757939646,40.79401618149613],[-73.962821497377,40.794237236193865],[-73.96235979996327,40.79485206123027],[-73.96189985306617,40.79547927056324],[-73.96144060655706,40.79611082768656],[-73.96097971719728,40.79673864454761],[-73.9607478502416,40.79705597666026],[-73.96052271603409,40.79736846946216],[-73.9600301843706,40.7980381083995],[-73.95953658802033,40.798718526022945],[-73.95907669072292,40.7993522339277],[-73.95861879190566,40.79997702615429],[-73.95833304868411,40.800365054515964],[-73.95817296971542,40.80058254195948],[-73.95786499207041,40.80051527294129],[-73.95536651620195,40.79946642708653],[-73.9553036392048,40.79944050119972],[-73.95525763516926,40.79942119889399],[-73.95522296477984,40.799406646617626],[-73.95276726824007,40.798372092071126],[-73.95253186666169,40.798269742692284],[-73.95246092785237,40.7982424946805],[-73.95237418996642,40.798209771247585],[-73.95094228217191,40.7976031183403],[-73.9497477293007,40.79709700227067],[-73.94923327016367,40.79687199990516]]]]},"properties":{"shape_area":"38312377.705","ntaname":"Central Park","cdtaname":"MN64 Central Park (JIA 64 Equivalent)","shape_leng":"32721.0974785","boroname":"Manhattan","ntatype":"9","nta2020":"MN6491","borocode":"1","countyfips":"061","ntaabbrev":"CntrlPk","cdta2020":"MN64"}}], "crs" : { "type": "name", "properties": { "name": "urn:ogc:def:crs:OGC:1.3:CRS84" } } }